lat,lon,min_temp
-90,0.0,143.111
-90,2.5,143.111
-90,5.0,143.111
-90,7.5,143.111
-90,10.0,143.111
-90,12.5,143.111
-90,15.0,143.111
-90,17.5,143.111
-90,20.0,143.111
-90,22.5,143.111
-90,25.0,143.111
-90,27.5,143.111
-90,30.0,143.111
-90,32.5,143.111
-90,35.0,143.111
-90,37.5,143.111
-90,40.0,143.111
-90,42.5,143.111
-90,45.0,143.111
-90,47.5,143.111
-90,50.0,143.111
-90,52.5,143.111
-90,55.0,143.111
-90,57.5,143.111
-90,60.0,143.111
-90,62.5,143.111
-90,65.0,143.111
-90,67.5,143.111
-90,70.0,143.111
-90,72.5,143.111
-90,75.0,143.111
-90,77.5,143.111
-90,80.0,143.111
-90,82.5,143.111
-90,85.0,143.111
-90,87.5,143.111
-90,90.0,143.111
-90,92.5,143.111
-90,95.0,143.111
-90,97.5,143.111
-90,100.0,143.111
-90,102.5,143.111
-90,105.0,143.111
-90,107.5,143.111
-90,110.0,143.111
-90,112.5,143.111
-90,115.0,143.111
-90,117.5,143.111
-90,120.0,143.111
-90,122.5,143.111
-90,125.0,143.111
-90,127.5,143.111
-90,130.0,143.111
-90,132.5,143.111
-90,135.0,143.111
-90,137.5,143.111
-90,140.0,143.111
-90,142.5,143.111
-90,145.0,143.111
-90,147.5,143.111
-90,150.0,143.111
-90,152.5,143.111
-90,155.0,143.111
-90,157.5,143.111
-90,160.0,143.111
-90,162.5,143.111
-90,165.0,143.111
-90,167.5,143.111
-90,170.0,143.111
-90,172.5,143.111
-90,175.0,143.111
-90,177.5,143.111
-90,180.0,143.111
-90,182.5,143.111
-90,185.0,143.111
-90,187.5,143.111
-90,190.0,143.111
-90,192.5,143.111
-90,195.0,143.111
-90,197.5,143.111
-90,200.0,143.111
-90,202.5,143.111
-90,205.0,143.111
-90,207.5,143.111
-90,210.0,143.111
-90,212.5,143.111
-90,215.0,143.111
-90,217.5,143.111
-90,220.0,143.111
-90,222.5,143.111
-90,225.0,143.111
-90,227.5,143.111
-90,230.0,143.111
-90,232.5,143.111
-90,235.0,143.111
-90,237.5,143.111
-90,240.0,143.111
-90,242.5,143.111
-90,245.0,143.111
-90,247.5,143.111
-90,250.0,143.111
-90,252.5,143.111
-90,255.0,143.111
-90,257.5,143.111
-90,260.0,143.111
-90,262.5,143.111
-90,265.0,143.111
-90,267.5,143.111
-90,270.0,143.111
-90,272.5,143.111
-90,275.0,143.111
-90,277.5,143.111
-90,280.0,143.111
-90,282.5,143.111
-90,285.0,143.111
-90,287.5,143.111
-90,290.0,143.111
-90,292.5,143.111
-90,295.0,143.111
-90,297.5,143.111
-90,300.0,143.111
-90,302.5,143.111
-90,305.0,143.111
-90,307.5,143.111
-90,310.0,143.111
-90,312.5,143.111
-90,315.0,143.111
-90,317.5,143.111
-90,320.0,143.111
-90,322.5,143.111
-90,325.0,143.111
-90,327.5,143.111
-90,330.0,143.111
-90,332.5,143.111
-90,335.0,143.111
-90,337.5,143.111
-90,340.0,143.111
-90,342.5,143.111
-90,345.0,143.111
-90,347.5,143.111
-90,350.0,143.111
-90,352.5,143.111
-90,355.0,143.111
-90,357.5,143.111
-90,360.0,143.111
-85,0.0,143.228
-85,2.5,143.194
-85,5.0,143.159
-85,7.5,143.166
-85,10.0,143.187
-85,12.5,143.207
-85,15.0,143.227
-85,17.5,143.251
-85,20.0,143.288
-85,22.5,143.326
-85,25.0,143.387
-85,27.5,143.448
-85,30.0,143.515
-85,32.5,143.584
-85,35.0,143.625
-85,37.5,143.637
-85,40.0,143.651
-85,42.5,143.668
-85,45.0,143.684
-85,47.5,143.701
-85,50.0,143.717
-85,52.5,143.719
-85,55.0,143.715
-85,57.5,143.717
-85,60.0,143.724
-85,62.5,143.732
-85,65.0,143.738
-85,67.5,143.745
-85,70.0,143.746
-85,72.5,143.747
-85,75.0,143.756
-85,77.5,143.767
-85,80.0,143.786
-85,82.5,143.812
-85,85.0,143.854
-85,87.5,143.945
-85,90.0,144.036
-85,92.5,144.265
-85,95.0,144.494
-85,97.5,144.444
-85,100.0,144.302
-85,102.5,144.167
-85,105.0,144.04
-85,107.5,143.932
-85,110.0,143.879
-85,112.5,143.826
-85,115.0,143.798
-85,117.5,143.771
-85,120.0,143.771
-85,122.5,143.78
-85,125.0,143.797
-85,127.5,143.823
-85,130.0,143.852
-85,132.5,143.893
-85,135.0,143.934
-85,137.5,143.954
-85,140.0,143.975
-85,142.5,143.962
-85,145.0,143.938
-85,147.5,143.925
-85,150.0,143.923
-85,152.5,143.926
-85,155.0,143.947
-85,157.5,143.967
-85,160.0,143.944
-85,162.5,143.921
-85,165.0,143.901
-85,167.5,143.882
-85,170.0,143.868
-85,172.5,143.86
-85,175.0,143.857
-85,177.5,143.871
-85,180.0,143.884
-85,182.5,143.895
-85,185.0,143.906
-85,187.5,143.925
-85,190.0,143.945
-85,192.5,143.948
-85,195.0,143.935
-85,197.5,143.925
-85,200.0,143.926
-85,202.5,143.926
-85,205.0,143.93
-85,207.5,143.934
-85,210.0,143.93
-85,212.5,143.923
-85,215.0,143.92
-85,217.5,143.922
-85,220.0,143.931
-85,222.5,143.961
-85,225.0,143.991
-85,227.5,144.013
-85,230.0,144.035
-85,232.5,144.053
-85,235.0,144.071
-85,237.5,144.113
-85,240.0,144.181
-85,242.5,144.233
-85,245.0,144.238
-85,247.5,144.243
-85,250.0,144.216
-85,252.5,144.189
-85,255.0,144.174
-85,257.5,144.163
-85,260.0,144.154
-85,262.5,144.148
-85,265.0,144.139
-85,267.5,144.119
-85,270.0,144.099
-85,272.5,144.106
-85,275.0,144.113
-85,277.5,144.098
-85,280.0,144.077
-85,282.5,144.064
-85,285.0,144.061
-85,287.5,144.05
-85,290.0,144.012
-85,292.5,143.974
-85,295.0,143.973
-85,297.5,143.972
-85,300.0,143.913
-85,302.5,143.833
-85,305.0,143.75
-85,307.5,143.662
-85,310.0,143.599
-85,312.5,143.611
-85,315.0,143.623
-85,317.5,143.583
-85,320.0,143.543
-85,322.5,143.517
-85,325.0,143.496
-85,327.5,143.464
-85,330.0,143.418
-85,332.5,143.38
-85,335.0,143.366
-85,337.5,143.352
-85,340.0,143.327
-85,342.5,143.301
-85,345.0,143.284
-85,347.5,143.269
-85,350.0,143.25
-85,352.5,143.227
-85,355.0,143.212
-85,357.5,143.22
-85,360.0,143.228
-80,0.0,144.685
-80,2.5,144.635
-80,5.0,144.585
-80,7.5,144.45
-80,10.0,144.288
-80,12.5,144.226
-80,15.0,144.266
-80,17.5,144.336
-80,20.0,144.497
-80,22.5,144.658
-80,25.0,144.66
-80,27.5,144.663
-80,30.0,144.712
-80,32.5,144.777
-80,35.0,144.807
-80,37.5,144.801
-80,40.0,144.792
-80,42.5,144.778
-80,45.0,144.764
-80,47.5,144.786
-80,50.0,144.809
-80,52.5,144.823
-80,55.0,144.833
-80,57.5,144.857
-80,60.0,144.896
-80,62.5,144.935
-80,65.0,144.971
-80,67.5,145.007
-80,70.0,144.984
-80,72.5,144.961
-80,75.0,144.948
-80,77.5,144.941
-80,80.0,144.964
-80,82.5,145.018
-80,85.0,145.08
-80,87.5,145.168
-80,90.0,145.256
-80,92.5,145.275
-80,95.0,145.295
-80,97.5,145.215
-80,100.0,145.103
-80,102.5,145.011
-80,105.0,144.939
-80,107.5,144.872
-80,110.0,144.825
-80,112.5,144.778
-80,115.0,144.754
-80,117.5,144.73
-80,120.0,144.756
-80,122.5,144.799
-80,125.0,144.816
-80,127.5,144.806
-80,130.0,144.781
-80,132.5,144.71
-80,135.0,144.64
-80,137.5,144.62
-80,140.0,144.601
-80,142.5,144.542
-80,145.0,144.471
-80,147.5,144.397
-80,150.0,144.323
-80,152.5,144.261
-80,155.0,144.232
-80,157.5,144.204
-80,160.0,144.209
-80,162.5,144.213
-80,165.0,144.189
-80,167.5,144.155
-80,170.0,144.148
-80,172.5,144.17
-80,175.0,144.192
-80,177.5,144.216
-80,180.0,144.24
-80,182.5,144.243
-80,185.0,144.246
-80,187.5,144.253
-80,190.0,144.261
-80,192.5,144.285
-80,195.0,144.325
-80,197.5,144.362
-80,200.0,144.387
-80,202.5,144.412
-80,205.0,144.443
-80,207.5,144.474
-80,210.0,144.501
-80,212.5,144.528
-80,215.0,144.536
-80,217.5,144.526
-80,220.0,144.523
-80,222.5,144.538
-80,225.0,144.553
-80,227.5,144.603
-80,230.0,144.653
-80,232.5,144.726
-80,235.0,144.805
-80,237.5,144.841
-80,240.0,144.834
-80,242.5,144.83
-80,245.0,144.84
-80,247.5,144.849
-80,250.0,144.846
-80,252.5,144.842
-80,255.0,144.843
-80,257.5,144.844
-80,260.0,144.819
-80,262.5,144.767
-80,265.0,144.714
-80,267.5,144.658
-80,270.0,144.603
-80,272.5,144.571
-80,275.0,144.543
-80,277.5,144.596
-80,280.0,144.677
-80,282.5,144.779
-80,285.0,144.902
-80,287.5,144.995
-80,290.0,144.998
-80,292.5,145.0
-80,295.0,145.021
-80,297.5,145.043
-80,300.0,145.01
-80,302.5,144.96
-80,305.0,144.946
-80,307.5,144.967
-80,310.0,144.99
-80,312.5,145.022
-80,315.0,145.055
-80,317.5,145.04
-80,320.0,145.024
-80,322.5,145.02
-80,325.0,145.02
-80,327.5,145.011
-80,330.0,144.994
-80,332.5,144.975
-80,335.0,144.949
-80,337.5,144.923
-80,340.0,144.896
-80,342.5,144.869
-80,345.0,144.839
-80,347.5,144.807
-80,350.0,144.783
-80,352.5,144.768
-80,355.0,144.749
-80,357.5,144.717
-80,360.0,144.685
-75,0.0,145.167
-75,2.5,145.114
-75,5.0,145.061
-75,7.5,145.071
-75,10.0,145.101
-75,12.5,145.124
-75,15.0,145.14
-75,17.5,145.172
-75,20.0,145.25
-75,22.5,145.327
-75,25.0,145.279
-75,27.5,145.23
-75,30.0,145.215
-75,32.5,145.21
-75,35.0,145.16
-75,37.5,145.064
-75,40.0,144.977
-75,42.5,144.918
-75,45.0,144.86
-75,47.5,144.834
-75,50.0,144.809
-75,52.5,144.718
-75,55.0,144.607
-75,57.5,144.537
-75,60.0,144.503
-75,62.5,144.485
-75,65.0,144.512
-75,67.5,144.54
-75,70.0,144.607
-75,72.5,144.673
-75,75.0,144.707
-75,77.5,144.729
-75,80.0,144.841
-75,82.5,145.043
-75,85.0,145.193
-75,87.5,145.185
-75,90.0,145.178
-75,92.5,145.11
-75,95.0,145.043
-75,97.5,144.913
-75,100.0,144.764
-75,102.5,144.816
-75,105.0,145.071
-75,107.5,145.259
-75,110.0,145.243
-75,112.5,145.227
-75,115.0,145.346
-75,117.5,145.464
-75,120.0,145.512
-75,122.5,145.536
-75,125.0,145.522
-75,127.5,145.471
-75,130.0,145.316
-75,132.5,144.849
-75,135.0,144.381
-75,137.5,144.351
-75,140.0,144.321
-75,142.5,144.349
-75,145.0,144.395
-75,147.5,144.43
-75,150.0,144.453
-75,152.5,144.496
-75,155.0,144.6
-75,157.5,144.704
-75,160.0,144.768
-75,162.5,144.832
-75,165.0,144.86
-75,167.5,144.874
-75,170.0,144.901
-75,172.5,144.939
-75,175.0,144.97
-75,177.5,144.983
-75,180.0,144.995
-75,182.5,145.001
-75,185.0,145.008
-75,187.5,145.005
-75,190.0,144.999
-75,192.5,145.046
-75,195.0,145.144
-75,197.5,145.238
-75,200.0,145.321
-75,202.5,145.405
-75,205.0,145.333
-75,207.5,145.261
-75,210.0,145.251
-75,212.5,145.264
-75,215.0,145.246
-75,217.5,145.2
-75,220.0,145.162
-75,222.5,145.15
-75,225.0,145.138
-75,227.5,145.208
-75,230.0,145.277
-75,232.5,145.314
-75,235.0,145.341
-75,237.5,145.352
-75,240.0,145.346
-75,242.5,145.327
-75,245.0,145.267
-75,247.5,145.207
-75,250.0,145.237
-75,252.5,145.267
-75,255.0,145.269
-75,257.5,145.262
-75,260.0,145.25
-75,262.5,145.233
-75,265.0,145.216
-75,267.5,145.197
-75,270.0,145.178
-75,272.5,145.101
-75,275.0,145.024
-75,277.5,145.043
-75,280.0,145.096
-75,282.5,145.071
-75,285.0,144.969
-75,287.5,144.941
-75,290.0,145.131
-75,292.5,145.321
-75,295.0,145.439
-75,297.5,145.557
-75,300.0,145.589
-75,302.5,145.591
-75,305.0,145.584
-75,307.5,145.568
-75,310.0,145.556
-75,312.5,145.554
-75,315.0,145.553
-75,317.5,145.503
-75,320.0,145.453
-75,322.5,145.35
-75,325.0,145.231
-75,327.5,145.172
-75,330.0,145.172
-75,332.5,145.171
-75,335.0,145.163
-75,337.5,145.156
-75,340.0,145.149
-75,342.5,145.142
-75,345.0,145.154
-75,347.5,145.173
-75,350.0,145.19
-75,352.5,145.207
-75,355.0,145.213
-75,357.5,145.19
-75,360.0,145.167
-70,0.0,145.683
-70,2.5,145.677
-70,5.0,145.672
-70,7.5,145.694
-70,10.0,145.725
-70,12.5,145.727
-70,15.0,145.701
-70,17.5,145.681
-70,20.0,145.669
-70,22.5,145.656
-70,25.0,145.609
-70,27.5,145.563
-70,30.0,145.51
-70,32.5,145.454
-70,35.0,145.421
-70,37.5,145.41
-70,40.0,145.386
-70,42.5,145.323
-70,45.0,145.259
-70,47.5,145.296
-70,50.0,145.333
-70,52.5,145.375
-70,55.0,145.419
-70,57.5,145.455
-70,60.0,145.486
-70,62.5,145.509
-70,65.0,145.508
-70,67.5,145.506
-70,70.0,145.458
-70,72.5,145.411
-70,75.0,145.412
-70,77.5,145.43
-70,80.0,145.404
-70,82.5,145.336
-70,85.0,145.283
-70,87.5,145.27
-70,90.0,145.258
-70,92.5,145.129
-70,95.0,144.999
-70,97.5,144.954
-70,100.0,144.936
-70,102.5,144.998
-70,105.0,145.139
-70,107.5,145.27
-70,110.0,145.373
-70,112.5,145.478
-70,115.0,145.631
-70,117.5,145.785
-70,120.0,145.804
-70,122.5,145.779
-70,125.0,145.855
-70,127.5,146.033
-70,130.0,146.162
-70,132.5,146.146
-70,135.0,146.13
-70,137.5,146.032
-70,140.0,145.933
-70,142.5,145.915
-70,145.0,145.927
-70,147.5,145.897
-70,150.0,145.825
-70,152.5,145.753
-70,155.0,145.681
-70,157.5,145.609
-70,160.0,145.686
-70,162.5,145.764
-70,165.0,145.709
-70,167.5,145.61
-70,170.0,145.524
-70,172.5,145.446
-70,175.0,145.413
-70,177.5,145.515
-70,180.0,145.616
-70,182.5,145.652
-70,185.0,145.688
-70,187.5,145.804
-70,190.0,145.948
-70,192.5,146.058
-70,195.0,146.136
-70,197.5,146.162
-70,200.0,146.031
-70,202.5,145.902
-70,205.0,145.611
-70,207.5,145.32
-70,210.0,145.215
-70,212.5,145.172
-70,215.0,145.165
-70,217.5,145.194
-70,220.0,145.199
-70,222.5,145.127
-70,225.0,145.055
-70,227.5,145.18
-70,230.0,145.305
-70,232.5,145.352
-70,235.0,145.373
-70,237.5,145.346
-70,240.0,145.272
-70,242.5,145.22
-70,245.0,145.235
-70,247.5,145.25
-70,250.0,145.293
-70,252.5,145.336
-70,255.0,145.385
-70,257.5,145.437
-70,260.0,145.468
-70,262.5,145.479
-70,265.0,145.513
-70,267.5,145.618
-70,270.0,145.723
-70,272.5,145.641
-70,275.0,145.56
-70,277.5,145.706
-70,280.0,145.927
-70,282.5,146.003
-70,285.0,145.934
-70,287.5,145.882
-70,290.0,145.878
-70,292.5,145.873
-70,295.0,145.861
-70,297.5,145.852
-70,300.0,145.84
-70,302.5,145.827
-70,305.0,145.822
-70,307.5,145.824
-70,310.0,145.84
-70,312.5,145.899
-70,315.0,145.958
-70,317.5,145.747
-70,320.0,145.537
-70,322.5,145.524
-70,325.0,145.577
-70,327.5,145.572
-70,330.0,145.509
-70,332.5,145.427
-70,335.0,145.289
-70,337.5,145.153
-70,340.0,145.26
-70,342.5,145.367
-70,345.0,145.433
-70,347.5,145.485
-70,350.0,145.519
-70,352.5,145.533
-70,355.0,145.56
-70,357.5,145.621
-70,360.0,145.683
-65,0.0,145.739
-65,2.5,145.788
-65,5.0,145.838
-65,7.5,145.858
-65,10.0,145.869
-65,12.5,145.87
-65,15.0,145.864
-65,17.5,145.851
-65,20.0,145.797
-65,22.5,145.743
-65,25.0,145.666
-65,27.5,145.588
-65,30.0,145.584
-65,32.5,145.604
-65,35.0,145.616
-65,37.5,145.619
-65,40.0,145.631
-65,42.5,145.671
-65,45.0,145.712
-65,47.5,145.914
-65,50.0,146.116
-65,52.5,146.136
-65,55.0,146.094
-65,57.5,146.055
-65,60.0,146.025
-65,62.5,146.018
-65,65.0,146.082
-65,67.5,146.145
-65,70.0,146.173
-65,72.5,146.202
-65,75.0,146.114
-65,77.5,145.988
-65,80.0,145.847
-65,82.5,145.702
-65,85.0,145.561
-65,87.5,145.433
-65,90.0,145.305
-65,92.5,145.166
-65,95.0,145.03
-65,97.5,145.003
-65,100.0,145.013
-65,102.5,145.051
-65,105.0,145.118
-65,107.5,145.168
-65,110.0,145.153
-65,112.5,145.138
-65,115.0,145.899
-65,117.5,146.768
-65,120.0,146.872
-65,122.5,146.72
-65,125.0,146.486
-65,127.5,146.172
-65,130.0,145.942
-65,132.5,145.965
-65,135.0,145.991
-65,137.5,145.937
-65,140.0,145.884
-65,142.5,145.855
-65,145.0,145.831
-65,147.5,145.774
-65,150.0,145.684
-65,152.5,145.636
-65,155.0,145.715
-65,157.5,145.812
-65,160.0,145.8
-65,162.5,145.793
-65,165.0,145.753
-65,167.5,145.705
-65,170.0,145.643
-65,172.5,145.563
-65,175.0,145.503
-65,177.5,145.505
-65,180.0,145.507
-65,182.5,145.463
-65,185.0,145.419
-65,187.5,145.534
-65,190.0,145.701
-65,192.5,145.879
-65,195.0,146.068
-65,197.5,146.223
-65,200.0,146.264
-65,202.5,146.306
-65,205.0,146.233
-65,207.5,146.161
-65,210.0,146.04
-65,212.5,145.904
-65,215.0,145.751
-65,217.5,145.583
-65,220.0,145.422
-65,222.5,145.283
-65,225.0,145.145
-65,227.5,145.185
-65,230.0,145.231
-65,232.5,145.265
-65,235.0,145.293
-65,237.5,145.274
-65,240.0,145.206
-65,242.5,145.177
-65,245.0,145.266
-65,247.5,145.355
-65,250.0,145.389
-65,252.5,145.471
-65,255.0,145.524
-65,257.5,145.595
-65,260.0,145.651
-65,262.5,145.669
-65,265.0,145.687
-65,267.5,145.701
-65,270.0,145.72
-65,272.5,145.743
-65,275.0,145.766
-65,277.5,145.754
-65,280.0,145.73
-65,282.5,145.72
-65,285.0,145.722
-65,287.5,145.743
-65,290.0,145.822
-65,292.5,145.903
-65,295.0,145.953
-65,297.5,146.004
-65,300.0,146.058
-65,302.5,146.114
-65,305.0,146.162
-65,307.5,146.202
-65,310.0,146.231
-65,312.5,146.226
-65,315.0,146.222
-65,317.5,146.026
-65,320.0,145.834
-65,322.5,145.859
-65,325.0,145.955
-65,327.5,145.995
-65,330.0,145.977
-65,332.5,145.92
-65,335.0,145.748
-65,337.5,145.581
-65,340.0,145.506
-65,342.5,145.431
-65,345.0,145.474
-65,347.5,145.556
-65,350.0,145.628
-65,352.5,145.689
-65,355.0,145.735
-65,357.5,145.737
-65,360.0,145.739
-60,0.0,161.963
-60,2.5,161.034
-60,5.0,160.105
-60,7.5,159.656
-60,10.0,159.366
-60,12.5,158.987
-60,15.0,158.734
-60,17.5,158.434
-60,20.0,157.963
-60,22.5,157.493
-60,25.0,157.649
-60,27.5,157.805
-60,30.0,157.763
-60,32.5,157.656
-60,35.0,159.017
-60,37.5,161.85
-60,40.0,163.873
-60,42.5,162.866
-60,45.0,161.859
-60,47.5,160.749
-60,50.0,159.639
-60,52.5,160.082
-60,55.0,161.042
-60,57.5,161.815
-60,60.0,162.4
-60,62.5,162.49
-60,65.0,161.094
-60,67.5,159.75
-60,70.0,160.181
-60,72.5,160.611
-60,75.0,162.576
-60,77.5,165.053
-60,80.0,167.172
-60,82.5,168.935
-60,85.0,170.301
-60,87.5,170.48
-60,90.0,170.66
-60,92.5,171.1
-60,95.0,171.68
-60,97.5,171.371
-60,100.0,170.708
-60,102.5,171.149
-60,105.0,172.694
-60,107.5,174.009
-60,110.0,174.633
-60,112.5,175.258
-60,115.0,175.922
-60,117.5,176.585
-60,120.0,176.841
-60,122.5,176.961
-60,125.0,176.661
-60,127.5,176.294
-60,130.0,176.024
-60,132.5,175.514
-60,135.0,175.004
-60,137.5,173.437
-60,140.0,171.869
-60,142.5,170.382
-60,145.0,168.921
-60,147.5,168.776
-60,150.0,169.946
-60,152.5,171.044
-60,155.0,171.922
-60,157.5,173.197
-60,160.0,174.055
-60,162.5,174.912
-60,165.0,174.506
-60,167.5,173.679
-60,170.0,173.07
-60,172.5,172.681
-60,175.0,172.079
-60,177.5,170.843
-60,180.0,169.772
-60,182.5,168.86
-60,185.0,167.947
-60,187.5,168.736
-60,190.0,170.092
-60,192.5,170.965
-60,195.0,171.356
-60,197.5,171.551
-60,200.0,171.16
-60,202.5,170.769
-60,205.0,170.495
-60,207.5,170.22
-60,210.0,169.537
-60,212.5,168.718
-60,215.0,166.169
-60,217.5,161.89
-60,220.0,158.603
-60,222.5,158.045
-60,225.0,157.488
-60,227.5,158.417
-60,230.0,159.347
-60,232.5,160.123
-60,235.0,160.847
-60,237.5,161.348
-60,240.0,161.627
-60,242.5,161.613
-60,245.0,160.718
-60,247.5,159.824
-60,250.0,159.973
-60,252.5,160.178
-60,255.0,161.988
-60,257.5,164.264
-60,260.0,165.078
-60,262.5,164.431
-60,265.0,163.891
-60,267.5,163.674
-60,270.0,163.458
-60,272.5,162.755
-60,275.0,162.051
-60,277.5,160.526
-60,280.0,158.726
-60,282.5,158.216
-60,285.0,158.826
-60,287.5,159.574
-60,290.0,160.741
-60,292.5,161.907
-60,295.0,159.789
-60,297.5,157.671
-60,300.0,157.237
-60,302.5,157.364
-60,305.0,157.632
-60,307.5,158.041
-60,310.0,158.317
-60,312.5,158.0
-60,315.0,157.683
-60,317.5,156.489
-60,320.0,155.296
-60,322.5,156.39
-60,325.0,158.246
-60,327.5,158.15
-60,330.0,156.104
-60,332.5,154.89
-60,335.0,156.179
-60,337.5,157.533
-60,340.0,159.072
-60,342.5,160.611
-60,345.0,161.187
-60,347.5,161.442
-60,350.0,161.52
-60,352.5,161.421
-60,355.0,161.415
-60,357.5,161.689
-60,360.0,161.963
-55,0.0,207.429
-55,2.5,206.982
-55,5.0,206.535
-55,7.5,206.269
-55,10.0,206.636
-55,12.5,206.92
-55,15.0,207.121
-55,17.5,207.388
-55,20.0,207.858
-55,22.5,208.327
-55,25.0,208.638
-55,27.5,208.948
-55,30.0,207.788
-55,32.5,206.137
-55,35.0,204.319
-55,37.5,202.573
-55,40.0,201.311
-55,42.5,199.764
-55,45.0,198.217
-55,47.5,199.063
-55,50.0,199.908
-55,52.5,202.068
-55,55.0,204.667
-55,57.5,205.764
-55,60.0,205.36
-55,62.5,204.89
-55,65.0,204.224
-55,67.5,203.978
-55,70.0,205.976
-55,72.5,207.975
-55,75.0,210.02
-55,77.5,212.08
-55,80.0,213.371
-55,82.5,213.891
-55,85.0,214.045
-55,87.5,213.101
-55,90.0,212.157
-55,92.5,213.835
-55,95.0,216.388
-55,97.5,217.408
-55,100.0,217.917
-55,102.5,218.436
-55,105.0,218.964
-55,107.5,219.352
-55,110.0,219.318
-55,112.5,219.284
-55,115.0,219.503
-55,117.5,219.722
-55,120.0,218.932
-55,122.5,217.806
-55,125.0,217.72
-55,127.5,217.924
-55,130.0,218.222
-55,132.5,218.801
-55,135.0,219.38
-55,137.5,217.072
-55,140.0,214.764
-55,142.5,213.596
-55,145.0,212.807
-55,147.5,212.292
-55,150.0,212.049
-55,152.5,211.554
-55,155.0,210.627
-55,157.5,210.258
-55,160.0,210.624
-55,162.5,210.99
-55,165.0,211.256
-55,167.5,211.488
-55,170.0,211.153
-55,172.5,210.249
-55,175.0,209.183
-55,177.5,207.632
-55,180.0,206.081
-55,182.5,205.399
-55,185.0,205.549
-55,187.5,205.6
-55,190.0,205.619
-55,192.5,206.028
-55,195.0,206.827
-55,197.5,207.438
-55,200.0,207.484
-55,202.5,207.529
-55,205.0,207.73
-55,207.5,207.932
-55,210.0,207.828
-55,212.5,207.622
-55,215.0,207.263
-55,217.5,206.83
-55,220.0,207.317
-55,222.5,208.006
-55,225.0,208.694
-55,227.5,208.697
-55,230.0,208.699
-55,232.5,208.341
-55,235.0,207.863
-55,237.5,207.556
-55,240.0,207.42
-55,242.5,207.18
-55,245.0,206.628
-55,247.5,206.421
-55,250.0,207.092
-55,252.5,207.764
-55,255.0,209.38
-55,257.5,211.312
-55,260.0,212.459
-55,262.5,212.822
-55,265.0,212.844
-55,267.5,211.841
-55,270.0,210.839
-55,272.5,210.017
-55,275.0,209.195
-55,277.5,208.209
-55,280.0,207.649
-55,282.5,207.067
-55,285.0,206.46
-55,287.5,206.203
-55,290.0,206.991
-55,292.5,207.778
-55,295.0,208.33
-55,297.5,208.882
-55,300.0,206.931
-55,302.5,204.145
-55,305.0,201.678
-55,307.5,199.529
-55,310.0,197.915
-55,312.5,197.71
-55,315.0,197.506
-55,317.5,198.178
-55,320.0,198.851
-55,322.5,200.331
-55,325.0,202.079
-55,327.5,203.062
-55,330.0,203.279
-55,332.5,203.445
-55,335.0,203.456
-55,337.5,203.81
-55,340.0,204.375
-55,342.5,204.941
-55,345.0,205.692
-55,347.5,206.506
-55,350.0,207.001
-55,352.5,207.177
-55,355.0,207.323
-55,357.5,207.376
-55,360.0,207.429
-50,0.0,238.438
-50,2.5,238.117
-50,5.0,237.822
-50,7.5,238.831
-50,10.0,239.841
-50,12.5,240.517
-50,15.0,240.858
-50,17.5,241.083
-50,20.0,240.961
-50,22.5,240.838
-50,25.0,240.725
-50,27.5,240.611
-50,30.0,239.537
-50,32.5,238.142
-50,35.0,236.75
-50,37.5,236.279
-50,40.0,235.66
-50,42.5,233.654
-50,45.0,231.649
-50,47.5,231.026
-50,50.0,230.403
-50,52.5,230.736
-50,55.0,231.387
-50,57.5,231.738
-50,60.0,231.789
-50,62.5,231.753
-50,65.0,231.84
-50,67.5,232.901
-50,70.0,234.833
-50,72.5,236.766
-50,75.0,238.685
-50,77.5,240.6
-50,80.0,241.827
-50,82.5,242.367
-50,85.0,242.454
-50,87.5,241.182
-50,90.0,239.909
-50,92.5,241.502
-50,95.0,243.517
-50,97.5,244.876
-50,100.0,246.016
-50,102.5,246.97
-50,105.0,247.737
-50,107.5,248.324
-50,110.0,248.37
-50,112.5,248.416
-50,115.0,247.976
-50,117.5,247.537
-50,120.0,246.432
-50,122.5,246.056
-50,125.0,246.166
-50,127.5,246.206
-50,130.0,246.303
-50,132.5,246.569
-50,135.0,246.834
-50,137.5,247.23
-50,140.0,247.626
-50,142.5,246.88
-50,145.0,245.754
-50,147.5,244.434
-50,150.0,242.919
-50,152.5,241.481
-50,155.0,241.067
-50,157.5,241.133
-50,160.0,241.227
-50,162.5,241.321
-50,165.0,241.278
-50,167.5,241.19
-50,170.0,240.872
-50,172.5,240.326
-50,175.0,239.659
-50,177.5,238.633
-50,180.0,237.607
-50,182.5,236.781
-50,185.0,237.144
-50,187.5,237.284
-50,190.0,237.31
-50,192.5,237.272
-50,195.0,237.169
-50,197.5,237.078
-50,200.0,237.019
-50,202.5,236.96
-50,205.0,237.039
-50,207.5,237.118
-50,210.0,236.656
-50,212.5,236.013
-50,215.0,235.242
-50,217.5,235.398
-50,220.0,235.901
-50,222.5,236.602
-50,225.0,237.304
-50,227.5,237.47
-50,230.0,237.636
-50,232.5,237.63
-50,235.0,237.567
-50,237.5,237.177
-50,240.0,236.463
-50,242.5,235.915
-50,245.0,235.867
-50,247.5,237.279
-50,250.0,237.761
-50,252.5,238.243
-50,255.0,239.256
-50,257.5,240.447
-50,260.0,241.416
-50,262.5,242.165
-50,265.0,242.513
-50,267.5,241.662
-50,270.0,240.81
-50,272.5,239.974
-50,275.0,239.139
-50,277.5,239.086
-50,280.0,239.257
-50,282.5,239.662
-50,285.0,240.3
-50,287.5,240.657
-50,290.0,240.169
-50,292.5,239.682
-50,295.0,239.007
-50,297.5,238.333
-50,300.0,236.085
-50,302.5,233.313
-50,305.0,230.512
-50,307.5,227.683
-50,310.0,226.294
-50,312.5,226.492
-50,315.0,226.689
-50,317.5,227.689
-50,320.0,228.688
-50,322.5,230.213
-50,325.0,231.913
-50,327.5,233.105
-50,330.0,233.791
-50,332.5,234.425
-50,335.0,235.432
-50,337.5,237.211
-50,340.0,238.134
-50,342.5,239.057
-50,345.0,239.894
-50,347.5,240.701
-50,350.0,240.85
-50,352.5,240.341
-50,355.0,239.789
-50,357.5,239.114
-50,360.0,238.438
-45,0.0,254.558
-45,2.5,254.105
-45,5.0,254.832
-45,7.5,255.663
-45,10.0,256.412
-45,12.5,256.909
-45,15.0,257.155
-45,17.5,257.271
-45,20.0,256.994
-45,22.5,256.718
-45,25.0,256.623
-45,27.5,256.528
-45,30.0,255.646
-45,32.5,254.502
-45,35.0,254.197
-45,37.5,254.116
-45,40.0,253.57
-45,42.5,251.633
-45,45.0,249.697
-45,47.5,247.733
-45,50.0,245.768
-45,52.5,245.702
-45,55.0,246.269
-45,57.5,246.571
-45,60.0,246.608
-45,62.5,246.506
-45,65.0,247.141
-45,67.5,248.183
-45,70.0,249.734
-45,72.5,251.285
-45,75.0,251.944
-45,77.5,252.306
-45,80.0,252.742
-45,82.5,253.253
-45,85.0,253.671
-45,87.5,253.812
-45,90.0,253.954
-45,92.5,254.435
-45,95.0,255.307
-45,97.5,256.303
-45,100.0,257.341
-45,102.5,257.93
-45,105.0,258.068
-45,107.5,258.198
-45,110.0,258.299
-45,112.5,258.4
-45,115.0,257.75
-45,117.5,257.099
-45,120.0,255.997
-45,122.5,256.061
-45,125.0,256.542
-45,127.5,257.208
-45,130.0,257.83
-45,132.5,258.318
-45,135.0,258.806
-45,137.5,259.383
-45,140.0,259.961
-45,142.5,259.128
-45,145.0,257.825
-45,147.5,256.579
-45,150.0,255.388
-45,152.5,254.4
-45,155.0,254.682
-45,157.5,254.965
-45,160.0,255.908
-45,162.5,256.85
-45,165.0,256.242
-45,167.5,255.117
-45,170.0,254.516
-45,172.5,254.438
-45,175.0,254.232
-45,177.5,253.642
-45,180.0,253.051
-45,182.5,252.537
-45,185.0,253.112
-45,187.5,253.3
-45,190.0,253.359
-45,192.5,253.41
-45,195.0,253.452
-45,197.5,253.389
-45,200.0,253.009
-45,202.5,252.63
-45,205.0,252.702
-45,207.5,252.774
-45,210.0,252.061
-45,212.5,251.087
-45,215.0,250.881
-45,217.5,251.595
-45,220.0,252.343
-45,222.5,253.195
-45,225.0,254.047
-45,227.5,253.877
-45,230.0,253.707
-45,232.5,253.67
-45,235.0,253.677
-45,237.5,253.439
-45,240.0,252.955
-45,242.5,252.465
-45,245.0,252.919
-45,247.5,254.063
-45,250.0,253.503
-45,252.5,252.943
-45,255.0,253.734
-45,257.5,254.975
-45,260.0,256.137
-45,262.5,257.22
-45,265.0,257.811
-45,267.5,256.927
-45,270.0,256.042
-45,272.5,255.061
-45,275.0,255.043
-45,277.5,255.241
-45,280.0,255.376
-45,282.5,255.706
-45,285.0,256.233
-45,287.5,256.52
-45,290.0,256.087
-45,292.5,255.654
-45,295.0,254.963
-45,297.5,254.272
-45,300.0,253.155
-45,302.5,251.897
-45,305.0,250.366
-45,307.5,249.569
-45,310.0,248.722
-45,312.5,247.725
-45,315.0,246.728
-45,317.5,246.638
-45,320.0,246.548
-45,322.5,247.277
-45,325.0,248.279
-45,327.5,248.904
-45,330.0,249.153
-45,332.5,249.353
-45,335.0,250.754
-45,337.5,252.385
-45,340.0,253.688
-45,342.5,254.991
-45,345.0,255.695
-45,347.5,256.199
-45,350.0,256.345
-45,352.5,256.132
-45,355.0,255.815
-45,357.5,255.186
-45,360.0,254.558
-40,0.0,265.076
-40,2.5,265.118
-40,5.0,266.37
-40,7.5,267.242
-40,10.0,267.987
-40,12.5,268.39
-40,15.0,268.452
-40,17.5,268.413
-40,20.0,268.071
-40,22.5,267.728
-40,25.0,267.407
-40,27.5,267.086
-40,30.0,266.324
-40,32.5,266.364
-40,35.0,266.622
-40,37.5,266.534
-40,40.0,266.212
-40,42.5,265.187
-40,45.0,264.161
-40,47.5,259.952
-40,50.0,255.743
-40,52.5,254.797
-40,55.0,254.937
-40,57.5,255.077
-40,60.0,255.216
-40,62.5,255.155
-40,65.0,255.979
-40,67.5,257.007
-40,70.0,257.772
-40,72.5,258.537
-40,75.0,259.307
-40,77.5,260.08
-40,80.0,260.703
-40,82.5,261.175
-40,85.0,261.518
-40,87.5,261.473
-40,90.0,261.428
-40,92.5,263.088
-40,95.0,264.774
-40,97.5,265.939
-40,100.0,266.93
-40,102.5,267.312
-40,105.0,267.086
-40,107.5,266.736
-40,110.0,266.016
-40,112.5,265.296
-40,115.0,264.751
-40,117.5,264.206
-40,120.0,263.686
-40,122.5,264.623
-40,125.0,265.595
-40,127.5,266.417
-40,130.0,267.027
-40,132.5,267.001
-40,135.0,266.975
-40,137.5,266.931
-40,140.0,266.886
-40,142.5,266.839
-40,145.0,266.791
-40,147.5,266.396
-40,150.0,265.653
-40,152.5,265.509
-40,155.0,265.702
-40,157.5,265.894
-40,160.0,266.43
-40,162.5,266.966
-40,165.0,267.174
-40,167.5,267.274
-40,170.0,267.031
-40,172.5,266.446
-40,175.0,265.83
-40,177.5,265.12
-40,180.0,264.41
-40,182.5,264.709
-40,185.0,265.657
-40,187.5,266.039
-40,190.0,266.232
-40,192.5,266.387
-40,195.0,266.504
-40,197.5,266.589
-40,200.0,266.577
-40,202.5,266.565
-40,205.0,265.92
-40,207.5,265.276
-40,210.0,264.534
-40,212.5,264.132
-40,215.0,264.986
-40,217.5,265.871
-40,220.0,266.785
-40,222.5,267.784
-40,225.0,268.784
-40,227.5,267.92
-40,230.0,267.056
-40,232.5,266.39
-40,235.0,265.79
-40,237.5,265.127
-40,240.0,264.401
-40,242.5,264.177
-40,245.0,264.134
-40,247.5,264.091
-40,250.0,264.648
-40,252.5,265.206
-40,255.0,265.141
-40,257.5,264.867
-40,260.0,265.22
-40,262.5,266.199
-40,265.0,266.888
-40,267.5,266.71
-40,270.0,266.533
-40,272.5,266.363
-40,275.0,266.467
-40,277.5,266.984
-40,280.0,267.64
-40,282.5,268.012
-40,285.0,268.101
-40,287.5,268.001
-40,290.0,267.335
-40,292.5,266.668
-40,295.0,265.55
-40,297.5,264.431
-40,300.0,263.623
-40,302.5,262.919
-40,305.0,263.225
-40,307.5,263.516
-40,310.0,263.604
-40,312.5,263.085
-40,315.0,262.567
-40,317.5,261.754
-40,320.0,260.942
-40,322.5,260.909
-40,325.0,261.135
-40,327.5,261.131
-40,330.0,260.898
-40,332.5,260.901
-40,335.0,262.492
-40,337.5,264.084
-40,340.0,264.811
-40,342.5,265.538
-40,345.0,266.24
-40,347.5,266.932
-40,350.0,267.279
-40,352.5,267.28
-40,355.0,267.036
-40,357.5,266.056
-40,360.0,265.076
-35,0.0,273.802
-35,2.5,275.084
-35,5.0,276.629
-35,7.5,277.586
-35,10.0,278.347
-35,12.5,278.527
-35,15.0,278.125
-35,17.5,277.801
-35,20.0,277.712
-35,22.5,277.622
-35,25.0,277.132
-35,27.5,276.642
-35,30.0,275.836
-35,32.5,275.697
-35,35.0,275.649
-35,37.5,275.694
-35,40.0,275.705
-35,42.5,275.62
-35,45.0,275.534
-35,47.5,272.084
-35,50.0,268.633
-35,52.5,265.949
-35,55.0,263.52
-35,57.5,261.99
-35,60.0,261.358
-35,62.5,260.836
-35,65.0,262.638
-35,67.5,264.517
-35,70.0,264.958
-35,72.5,265.399
-35,75.0,266.66
-35,77.5,268.196
-35,80.0,269.263
-35,82.5,269.862
-35,85.0,270.222
-35,87.5,269.86
-35,90.0,270.04
-35,92.5,271.418
-35,95.0,272.796
-35,97.5,274.02
-35,100.0,275.193
-35,102.5,275.793
-35,105.0,275.82
-35,107.5,275.563
-35,110.0,274.452
-35,112.5,273.342
-35,115.0,273.025
-35,117.5,272.708
-35,120.0,272.834
-35,122.5,274.781
-35,125.0,276.161
-35,127.5,276.975
-35,130.0,277.465
-35,132.5,276.982
-35,135.0,276.499
-35,137.5,276.354
-35,140.0,276.209
-35,142.5,275.657
-35,145.0,274.97
-35,147.5,274.645
-35,150.0,274.682
-35,152.5,276.163
-35,155.0,276.685
-35,157.5,277.207
-35,160.0,277.094
-35,162.5,276.98
-35,165.0,277.198
-35,167.5,277.527
-35,170.0,277.374
-35,172.5,276.741
-35,175.0,275.988
-35,177.5,274.881
-35,180.0,273.937
-35,182.5,275.055
-35,185.0,276.173
-35,187.5,276.942
-35,190.0,277.595
-35,192.5,278.12
-35,195.0,278.516
-35,197.5,278.758
-35,200.0,278.537
-35,202.5,278.315
-35,205.0,277.766
-35,207.5,277.217
-35,210.0,276.743
-35,212.5,277.751
-35,215.0,277.74
-35,217.5,276.709
-35,220.0,276.015
-35,222.5,276.331
-35,225.0,276.647
-35,227.5,276.095
-35,230.0,275.543
-35,232.5,274.258
-35,235.0,272.729
-35,237.5,271.545
-35,240.0,271.085
-35,242.5,271.701
-35,245.0,270.624
-35,247.5,269.548
-35,250.0,270.552
-35,252.5,271.556
-35,255.0,271.88
-35,257.5,271.976
-35,260.0,272.27
-35,262.5,272.762
-35,265.0,273.057
-35,267.5,272.762
-35,270.0,272.468
-35,272.5,273.209
-35,275.0,274.499
-35,277.5,275.649
-35,280.0,276.752
-35,282.5,277.383
-35,285.0,277.541
-35,287.5,277.388
-35,290.0,276.304
-35,292.5,275.22
-35,295.0,273.936
-35,297.5,272.651
-35,300.0,271.769
-35,302.5,271.021
-35,305.0,271.564
-35,307.5,271.774
-35,310.0,272.205
-35,312.5,273.298
-35,315.0,274.39
-35,317.5,274.199
-35,320.0,274.008
-35,322.5,273.988
-35,325.0,274.026
-35,327.5,273.529
-35,330.0,272.498
-35,332.5,272.926
-35,335.0,274.328
-35,337.5,275.73
-35,340.0,275.73
-35,342.5,275.73
-35,345.0,276.354
-35,347.5,277.187
-35,350.0,277.517
-35,352.5,277.344
-35,355.0,276.836
-35,357.5,275.319
-35,360.0,273.802
-30,0.0,283.071
-30,2.5,284.256
-30,5.0,285.44
-30,7.5,285.843
-30,10.0,285.985
-30,12.5,285.882
-30,15.0,285.532
-30,17.5,285.139
-30,20.0,284.615
-30,22.5,284.09
-30,25.0,283.542
-30,27.5,282.993
-30,30.0,282.496
-30,32.5,282.86
-30,35.0,283.186
-30,37.5,283.475
-30,40.0,283.576
-30,42.5,283.113
-30,45.0,282.649
-30,47.5,281.601
-30,50.0,280.552
-30,52.5,278.75
-30,55.0,276.696
-30,57.5,274.828
-30,60.0,273.506
-30,62.5,273.616
-30,65.0,274.464
-30,67.5,275.312
-30,70.0,275.809
-30,72.5,276.307
-30,75.0,276.81
-30,77.5,277.315
-30,80.0,277.617
-30,82.5,277.716
-30,85.0,277.791
-30,87.5,277.795
-30,90.0,278.744
-30,92.5,279.599
-30,95.0,280.454
-30,97.5,281.595
-30,100.0,282.832
-30,102.5,283.813
-30,105.0,284.538
-30,107.5,285.004
-30,110.0,284.697
-30,112.5,284.39
-30,115.0,283.802
-30,117.5,283.213
-30,120.0,282.655
-30,122.5,282.895
-30,125.0,283.428
-30,127.5,284.253
-30,130.0,284.861
-30,132.5,284.816
-30,135.0,284.77
-30,137.5,284.864
-30,140.0,284.958
-30,142.5,284.181
-30,145.0,283.115
-30,147.5,282.195
-30,150.0,281.423
-30,152.5,282.283
-30,155.0,282.655
-30,157.5,283.028
-30,160.0,283.098
-30,162.5,283.169
-30,165.0,283.038
-30,167.5,282.84
-30,170.0,282.426
-30,172.5,281.794
-30,175.0,281.09
-30,177.5,280.17
-30,180.0,279.922
-30,182.5,281.251
-30,185.0,282.58
-30,187.5,283.157
-30,190.0,283.482
-30,192.5,284.068
-30,195.0,284.913
-30,197.5,285.341
-30,200.0,284.517
-30,202.5,283.693
-30,205.0,282.672
-30,207.5,281.651
-30,210.0,280.915
-30,212.5,280.848
-30,215.0,279.981
-30,217.5,278.315
-30,220.0,276.874
-30,222.5,276.111
-30,225.0,275.348
-30,227.5,275.807
-30,230.0,276.267
-30,232.5,276.209
-30,235.0,275.979
-30,237.5,275.331
-30,240.0,275.013
-30,242.5,275.477
-30,245.0,275.07
-30,247.5,274.664
-30,250.0,275.287
-30,252.5,275.91
-30,255.0,276.666
-30,257.5,277.466
-30,260.0,278.078
-30,262.5,278.502
-30,265.0,278.745
-30,267.5,278.447
-30,270.0,278.149
-30,272.5,278.256
-30,275.0,279.28
-30,277.5,280.51
-30,280.0,281.808
-30,282.5,282.611
-30,285.0,282.921
-30,287.5,282.887
-30,290.0,281.818
-30,292.5,280.749
-30,295.0,280.442
-30,297.5,280.134
-30,300.0,279.081
-30,302.5,277.943
-30,305.0,277.927
-30,307.5,277.677
-30,310.0,277.836
-30,312.5,279.218
-30,315.0,280.601
-30,317.5,281.043
-30,320.0,281.484
-30,322.5,281.46
-30,325.0,281.281
-30,327.5,280.812
-30,330.0,280.083
-30,332.5,281.045
-30,335.0,281.682
-30,337.5,282.319
-30,340.0,282.445
-30,342.5,282.571
-30,345.0,283.421
-30,347.5,284.513
-30,350.0,285.023
-30,352.5,284.951
-30,355.0,284.587
-30,357.5,283.346
-30,360.0,283.071
-25,0.0,286.452
-25,2.5,286.985
-25,5.0,287.518
-25,7.5,288.013
-25,10.0,288.496
-25,12.5,288.591
-25,15.0,288.298
-25,17.5,287.92
-25,20.0,287.285
-25,22.5,286.651
-25,25.0,286.535
-25,27.5,286.419
-25,30.0,286.496
-25,32.5,287.704
-25,35.0,288.353
-25,37.5,288.443
-25,40.0,288.493
-25,42.5,288.423
-25,45.0,288.353
-25,47.5,287.55
-25,50.0,286.748
-25,52.5,284.946
-25,55.0,282.812
-25,57.5,281.201
-25,60.0,280.113
-25,62.5,280.852
-25,65.0,281.435
-25,67.5,282.018
-25,70.0,282.753
-25,72.5,283.489
-25,75.0,284.491
-25,77.5,285.583
-25,80.0,285.982
-25,82.5,285.688
-25,85.0,285.455
-25,87.5,285.403
-25,90.0,287.163
-25,92.5,287.831
-25,95.0,288.5
-25,97.5,289.05
-25,100.0,289.561
-25,102.5,289.867
-25,105.0,289.967
-25,107.5,289.954
-25,110.0,289.602
-25,112.5,289.25
-25,115.0,287.858
-25,117.5,286.467
-25,120.0,285.402
-25,122.5,285.698
-25,125.0,286.126
-25,127.5,286.686
-25,130.0,287.243
-25,132.5,287.791
-25,135.0,288.339
-25,137.5,288.609
-25,140.0,288.878
-25,142.5,288.235
-25,145.0,287.287
-25,147.5,286.175
-25,150.0,284.947
-25,152.5,285.424
-25,155.0,286.192
-25,157.5,286.96
-25,160.0,285.983
-25,162.5,285.007
-25,165.0,284.532
-25,167.5,284.223
-25,170.0,283.684
-25,172.5,282.913
-25,175.0,282.038
-25,177.5,280.851
-25,180.0,280.081
-25,182.5,281.088
-25,185.0,282.094
-25,187.5,282.846
-25,190.0,283.514
-25,192.5,284.101
-25,195.0,284.61
-25,197.5,284.801
-25,200.0,284.039
-25,202.5,283.278
-25,205.0,281.975
-25,207.5,280.671
-25,210.0,280.771
-25,212.5,281.702
-25,215.0,282.03
-25,217.5,281.755
-25,220.0,281.524
-25,222.5,281.424
-25,225.0,281.325
-25,227.5,280.524
-25,230.0,279.724
-25,232.5,279.007
-25,235.0,278.319
-25,237.5,277.869
-25,240.0,278.666
-25,242.5,280.014
-25,245.0,279.649
-25,247.5,279.284
-25,250.0,279.818
-25,252.5,280.351
-25,255.0,280.038
-25,257.5,279.442
-25,260.0,279.384
-25,262.5,279.863
-25,265.0,280.319
-25,267.5,280.707
-25,270.0,281.095
-25,272.5,280.984
-25,275.0,282.273
-25,277.5,283.52
-25,280.0,284.754
-25,282.5,285.611
-25,285.0,286.091
-25,287.5,286.287
-25,290.0,285.626
-25,292.5,284.966
-25,295.0,285.05
-25,297.5,285.134
-25,300.0,284.249
-25,302.5,284.034
-25,305.0,284.06
-25,307.5,283.778
-25,310.0,283.778
-25,312.5,284.627
-25,315.0,285.475
-25,317.5,285.177
-25,320.0,284.878
-25,322.5,284.393
-25,325.0,283.846
-25,327.5,283.434
-25,330.0,283.158
-25,332.5,284.186
-25,335.0,284.581
-25,337.5,284.977
-25,340.0,285.55
-25,342.5,286.123
-25,345.0,286.788
-25,347.5,287.484
-25,350.0,287.682
-25,352.5,287.383
-25,355.0,286.974
-25,357.5,286.238
-25,360.0,286.452
-20,0.0,289.929
-20,2.5,290.035
-20,5.0,290.141
-20,7.5,290.345
-20,10.0,290.583
-20,12.5,290.622
-20,15.0,290.462
-20,17.5,290.267
-20,20.0,289.965
-20,22.5,289.664
-20,25.0,289.465
-20,27.5,289.267
-20,30.0,290.05
-20,32.5,291.378
-20,35.0,292.302
-20,37.5,292.822
-20,40.0,292.99
-20,42.5,292.104
-20,45.0,291.219
-20,47.5,290.551
-20,50.0,289.882
-20,52.5,289.086
-20,55.0,288.248
-20,57.5,287.435
-20,60.0,287.071
-20,62.5,288.243
-20,65.0,289.451
-20,67.5,290.659
-20,70.0,291.261
-20,72.5,291.864
-20,75.0,292.257
-20,77.5,292.58
-20,80.0,292.425
-20,82.5,291.792
-20,85.0,291.282
-20,87.5,291.239
-20,90.0,293.013
-20,92.5,293.677
-20,95.0,294.341
-20,97.5,294.406
-20,100.0,294.27
-20,102.5,294.016
-20,105.0,293.644
-20,107.5,293.279
-20,110.0,292.937
-20,112.5,292.596
-20,115.0,291.611
-20,117.5,290.627
-20,120.0,290.386
-20,122.5,290.873
-20,125.0,291.522
-20,127.5,292.332
-20,130.0,292.99
-20,132.5,293.19
-20,135.0,293.39
-20,137.5,293.249
-20,140.0,293.107
-20,142.5,292.079
-20,145.0,290.756
-20,147.5,288.875
-20,150.0,287.387
-20,152.5,286.896
-20,155.0,287.19
-20,157.5,287.484
-20,160.0,286.501
-20,162.5,285.517
-20,165.0,285.303
-20,167.5,285.345
-20,170.0,285.062
-20,172.5,284.455
-20,175.0,283.709
-20,177.5,282.549
-20,180.0,282.618
-20,182.5,283.377
-20,185.0,284.136
-20,187.5,284.668
-20,190.0,285.124
-20,192.5,285.6
-20,195.0,286.095
-20,197.5,286.501
-20,200.0,286.641
-20,202.5,286.781
-20,205.0,285.575
-20,207.5,285.202
-20,210.0,286.184
-20,212.5,287.297
-20,215.0,287.978
-20,217.5,288.228
-20,220.0,288.429
-20,222.5,288.485
-20,225.0,288.541
-20,227.5,286.971
-20,230.0,285.401
-20,232.5,283.639
-20,235.0,281.811
-20,237.5,280.894
-20,240.0,282.581
-20,242.5,283.895
-20,245.0,284.093
-20,247.5,284.29
-20,250.0,284.172
-20,252.5,284.055
-20,255.0,283.183
-20,257.5,282.059
-20,260.0,281.296
-20,262.5,280.896
-20,265.0,280.654
-20,267.5,280.889
-20,270.0,281.124
-20,272.5,282.041
-20,275.0,284.028
-20,277.5,285.443
-20,280.0,286.666
-20,282.5,287.404
-20,285.0,287.656
-20,287.5,287.915
-20,290.0,288.199
-20,292.5,288.483
-20,295.0,288.741
-20,297.5,288.999
-20,300.0,288.511
-20,302.5,289.031
-20,305.0,289.348
-20,307.5,289.463
-20,310.0,289.599
-20,312.5,289.798
-20,315.0,289.997
-20,317.5,290.123
-20,320.0,290.249
-20,322.5,289.275
-20,325.0,287.934
-20,327.5,286.687
-20,330.0,285.535
-20,332.5,285.757
-20,335.0,288.509
-20,337.5,291.261
-20,340.0,291.649
-20,342.5,292.038
-20,345.0,291.852
-20,347.5,291.476
-20,350.0,290.998
-20,352.5,290.418
-20,355.0,289.831
-20,357.5,289.221
-20,360.0,289.929
-15,0.0,294.617
-15,2.5,294.938
-15,5.0,295.258
-15,7.5,295.992
-15,10.0,296.863
-15,12.5,296.916
-15,15.0,296.152
-15,17.5,295.573
-15,20.0,295.55
-15,22.5,295.527
-15,25.0,295.134
-15,27.5,295.434
-15,30.0,296.178
-15,32.5,296.678
-15,35.0,297.194
-15,37.5,297.728
-15,40.0,297.681
-15,42.5,295.889
-15,45.0,294.098
-15,47.5,292.799
-15,50.0,291.5
-15,52.5,291.469
-15,55.0,291.86
-15,57.5,291.843
-15,60.0,292.362
-15,62.5,294.193
-15,65.0,295.7
-15,67.5,297.208
-15,70.0,296.525
-15,72.5,295.842
-15,75.0,296.151
-15,77.5,296.79
-15,80.0,296.898
-15,82.5,296.474
-15,85.0,295.949
-15,87.5,295.13
-15,90.0,295.856
-15,92.5,296.25
-15,95.0,296.645
-15,97.5,296.691
-15,100.0,296.621
-15,102.5,296.607
-15,105.0,296.647
-15,107.5,296.596
-15,110.0,296.273
-15,112.5,295.949
-15,115.0,295.097
-15,117.5,294.266
-15,120.0,295.185
-15,122.5,296.082
-15,125.0,296.714
-15,127.5,297.081
-15,130.0,297.129
-15,132.5,296.216
-15,135.0,295.302
-15,137.5,293.428
-15,140.0,291.554
-15,142.5,289.91
-15,145.0,288.342
-15,147.5,286.802
-15,150.0,286.505
-15,152.5,286.653
-15,155.0,287.018
-15,157.5,287.382
-15,160.0,287.998
-15,162.5,288.613
-15,165.0,288.706
-15,167.5,288.625
-15,170.0,288.434
-15,172.5,288.133
-15,175.0,287.693
-15,177.5,287.734
-15,180.0,288.784
-15,182.5,289.07
-15,185.0,289.356
-15,187.5,289.454
-15,190.0,289.489
-15,192.5,289.951
-15,195.0,290.841
-15,197.5,291.561
-15,200.0,291.771
-15,202.5,291.981
-15,205.0,292.645
-15,207.5,293.449
-15,210.0,294.167
-15,212.5,294.855
-15,215.0,295.338
-15,217.5,295.615
-15,220.0,295.714
-15,222.5,295.28
-15,225.0,294.847
-15,227.5,293.622
-15,230.0,292.397
-15,232.5,291.662
-15,235.0,291.373
-15,237.5,291.908
-15,240.0,293.267
-15,242.5,294.297
-15,245.0,294.338
-15,247.5,294.38
-15,250.0,293.345
-15,252.5,292.311
-15,255.0,290.45
-15,257.5,288.314
-15,260.0,286.625
-15,262.5,285.385
-15,265.0,284.296
-15,267.5,283.658
-15,270.0,283.021
-15,272.5,284.444
-15,275.0,286.033
-15,277.5,287.864
-15,280.0,289.775
-15,282.5,290.901
-15,285.0,291.242
-15,287.5,291.446
-15,290.0,291.241
-15,292.5,291.036
-15,295.0,290.69
-15,297.5,290.344
-15,300.0,289.744
-15,302.5,290.493
-15,305.0,291.135
-15,307.5,291.309
-15,310.0,291.265
-15,312.5,290.572
-15,315.0,289.878
-15,317.5,291.594
-15,320.0,293.31
-15,322.5,293.051
-15,325.0,292.135
-15,327.5,290.85
-15,330.0,289.196
-15,332.5,289.467
-15,335.0,292.029
-15,337.5,294.592
-15,340.0,295.242
-15,342.5,295.892
-15,345.0,295.103
-15,347.5,293.835
-15,350.0,293.205
-15,352.5,293.215
-15,355.0,293.135
-15,357.5,292.952
-15,360.0,294.617
-10,0.0,298.267
-10,2.5,299.023
-10,5.0,299.78
-10,7.5,300.438
-10,10.0,301.062
-10,12.5,301.288
-10,15.0,301.115
-10,17.5,300.918
-10,20.0,300.648
-10,22.5,300.378
-10,25.0,299.677
-10,27.5,300.203
-10,30.0,300.569
-10,32.5,300.621
-10,35.0,299.903
-10,37.5,298.415
-10,40.0,296.677
-10,42.5,294.191
-10,45.0,291.705
-10,47.5,292.045
-10,50.0,292.386
-10,52.5,293.399
-10,55.0,294.637
-10,57.5,294.989
-10,60.0,295.945
-10,62.5,297.318
-10,65.0,298.568
-10,67.5,299.818
-10,70.0,299.039
-10,72.5,298.26
-10,75.0,297.781
-10,77.5,297.401
-10,80.0,297.062
-10,82.5,296.763
-10,85.0,296.287
-10,87.5,295.28
-10,90.0,294.851
-10,92.5,295.474
-10,95.0,296.096
-10,97.5,296.101
-10,100.0,295.9
-10,102.5,295.795
-10,105.0,295.785
-10,107.5,295.832
-10,110.0,296.046
-10,112.5,296.261
-10,115.0,295.331
-10,117.5,294.4
-10,120.0,294.576
-10,122.5,295.367
-10,125.0,295.521
-10,127.5,295.037
-10,130.0,294.41
-10,132.5,293.354
-10,135.0,292.298
-10,137.5,291.624
-10,140.0,290.949
-10,142.5,290.097
-10,145.0,289.185
-10,147.5,287.924
-10,150.0,287.725
-10,152.5,287.744
-10,155.0,288.175
-10,157.5,288.605
-10,160.0,290.037
-10,162.5,291.468
-10,165.0,292.184
-10,167.5,292.661
-10,170.0,292.769
-10,172.5,292.508
-10,175.0,294.05
-10,177.5,295.132
-10,180.0,296.214
-10,182.5,296.425
-10,185.0,296.635
-10,187.5,296.286
-10,190.0,295.75
-10,192.5,295.508
-10,195.0,295.559
-10,197.5,295.518
-10,200.0,295.201
-10,202.5,295.851
-10,205.0,296.368
-10,207.5,296.884
-10,210.0,297.127
-10,212.5,297.279
-10,215.0,297.44
-10,217.5,297.612
-10,220.0,297.592
-10,222.5,297.001
-10,225.0,296.409
-10,227.5,295.408
-10,230.0,294.614
-10,232.5,295.455
-10,235.0,296.246
-10,237.5,297.164
-10,240.0,298.208
-10,242.5,298.916
-10,245.0,298.615
-10,247.5,298.314
-10,250.0,298.034
-10,252.5,297.754
-10,255.0,296.922
-10,257.5,295.907
-10,260.0,294.507
-10,262.5,292.722
-10,265.0,291.023
-10,267.5,289.737
-10,270.0,289.282
-10,272.5,289.627
-10,275.0,289.973
-10,277.5,291.085
-10,280.0,292.453
-10,282.5,293.045
-10,285.0,292.861
-10,287.5,292.341
-10,290.0,290.815
-10,292.5,289.289
-10,295.0,289.654
-10,297.5,290.019
-10,300.0,291.184
-10,302.5,293.671
-10,305.0,294.78
-10,307.5,294.511
-10,310.0,294.253
-10,312.5,294.027
-10,315.0,293.801
-10,317.5,292.338
-10,320.0,290.875
-10,322.5,290.767
-10,325.0,291.11
-10,327.5,291.432
-10,330.0,292.087
-10,332.5,294.061
-10,335.0,294.149
-10,337.5,294.236
-10,340.0,295.114
-10,342.5,295.991
-10,345.0,295.415
-10,347.5,294.354
-10,350.0,294.248
-10,352.5,295.096
-10,355.0,295.765
-10,357.5,295.899
-10,360.0,298.267
-5,0.0,298.329
-5,2.5,299.13
-5,5.0,299.931
-5,7.5,300.515
-5,10.0,301.027
-5,12.5,301.077
-5,15.0,300.664
-5,17.5,300.218
-5,20.0,299.671
-5,22.5,299.123
-5,25.0,298.997
-5,27.5,300.675
-5,30.0,300.96
-5,32.5,300.781
-5,35.0,299.964
-5,37.5,298.507
-5,40.0,296.949
-5,42.5,295.089
-5,45.0,293.228
-5,47.5,293.559
-5,50.0,293.889
-5,52.5,295.095
-5,55.0,296.592
-5,57.5,297.227
-5,60.0,298.853
-5,62.5,300.146
-5,65.0,300.049
-5,67.5,299.953
-5,70.0,299.756
-5,72.5,299.56
-5,75.0,298.742
-5,77.5,297.715
-5,80.0,296.655
-5,82.5,295.561
-5,85.0,294.423
-5,87.5,293.154
-5,90.0,292.312
-5,92.5,293.216
-5,95.0,294.121
-5,97.5,293.91
-5,100.0,293.326
-5,102.5,293.042
-5,105.0,293.056
-5,107.5,292.984
-5,110.0,292.654
-5,112.5,292.324
-5,115.0,291.104
-5,117.5,289.884
-5,120.0,289.458
-5,122.5,290.367
-5,125.0,290.566
-5,127.5,290.054
-5,130.0,289.562
-5,132.5,289.13
-5,135.0,288.697
-5,137.5,289.399
-5,140.0,290.101
-5,142.5,290.295
-5,145.0,290.318
-5,147.5,290.75
-5,150.0,291.306
-5,152.5,291.87
-5,155.0,292.453
-5,157.5,293.036
-5,160.0,293.778
-5,162.5,294.52
-5,165.0,294.973
-5,167.5,295.329
-5,170.0,295.279
-5,172.5,295.784
-5,175.0,297.199
-5,177.5,297.907
-5,180.0,298.615
-5,182.5,299.099
-5,185.0,299.584
-5,187.5,299.357
-5,190.0,298.894
-5,192.5,298.335
-5,195.0,297.681
-5,197.5,297.036
-5,200.0,296.42
-5,202.5,296.776
-5,205.0,297.328
-5,207.5,297.879
-5,210.0,298.008
-5,212.5,297.997
-5,215.0,297.899
-5,217.5,297.716
-5,220.0,297.479
-5,222.5,297.082
-5,225.0,296.684
-5,227.5,295.672
-5,230.0,294.72
-5,232.5,295.459
-5,235.0,296.135
-5,237.5,297.004
-5,240.0,298.067
-5,242.5,298.799
-5,245.0,298.534
-5,247.5,298.27
-5,250.0,297.514
-5,252.5,296.759
-5,255.0,296.201
-5,257.5,295.71
-5,260.0,295.168
-5,262.5,295.172
-5,265.0,295.603
-5,267.5,294.748
-5,270.0,293.893
-5,272.5,293.915
-5,275.0,293.938
-5,277.5,294.219
-5,280.0,294.586
-5,282.5,294.115
-5,285.0,292.804
-5,287.5,291.846
-5,290.0,291.946
-5,292.5,292.047
-5,295.0,291.949
-5,297.5,291.851
-5,300.0,291.267
-5,302.5,291.665
-5,305.0,292.084
-5,307.5,292.524
-5,310.0,292.827
-5,312.5,292.715
-5,315.0,292.604
-5,317.5,292.277
-5,320.0,291.95
-5,322.5,291.595
-5,325.0,291.231
-5,327.5,291.119
-5,330.0,291.366
-5,332.5,293.235
-5,335.0,294.106
-5,337.5,294.977
-5,340.0,294.764
-5,342.5,294.552
-5,345.0,293.651
-5,347.5,292.52
-5,350.0,293.154
-5,352.5,295.555
-5,355.0,297.262
-5,357.5,296.889
-5,360.0,298.329
0,0.0,292.17
0,2.5,292.232
0,5.0,292.295
0,7.5,293.804
0,10.0,295.794
0,12.5,297.333
0,15.0,298.42
0,17.5,299.082
0,20.0,298.471
0,22.5,298.543
0,25.0,299.555
0,27.5,300.566
0,30.0,300.932
0,32.5,301.082
0,35.0,300.894
0,37.5,300.368
0,40.0,299.709
0,42.5,298.651
0,45.0,297.593
0,47.5,296.5
0,50.0,295.407
0,52.5,295.356
0,55.0,295.654
0,57.5,295.95
0,60.0,297.254
0,62.5,299.11
0,65.0,299.914
0,67.5,300.718
0,70.0,300.405
0,72.5,300.093
0,75.0,298.107
0,77.5,295.565
0,80.0,293.35
0,82.5,291.464
0,85.0,289.659
0,87.5,288.1
0,90.0,287.194
0,92.5,288.053
0,95.0,288.912
0,97.5,288.308
0,100.0,287.216
0,102.5,286.548
0,105.0,286.303
0,107.5,286.185
0,110.0,286.451
0,112.5,286.717
0,115.0,286.966
0,117.5,287.214
0,120.0,287.531
0,122.5,289.306
0,125.0,289.937
0,127.5,289.424
0,130.0,288.89
0,132.5,288.289
0,135.0,287.687
0,137.5,288.595
0,140.0,289.502
0,142.5,290.039
0,145.0,290.454
0,147.5,291.823
0,150.0,293.505
0,152.5,294.98
0,155.0,295.835
0,157.5,296.69
0,160.0,297.077
0,162.5,297.464
0,165.0,297.428
0,167.5,297.252
0,170.0,296.808
0,172.5,296.827
0,175.0,297.968
0,177.5,298.63
0,180.0,299.293
0,182.5,299.62
0,185.0,299.947
0,187.5,299.574
0,190.0,298.968
0,192.5,298.458
0,195.0,298.044
0,197.5,297.59
0,200.0,297.017
0,202.5,297.515
0,205.0,297.306
0,207.5,297.098
0,210.0,297.343
0,212.5,297.738
0,215.0,297.878
0,217.5,297.764
0,220.0,297.561
0,222.5,297.092
0,225.0,296.624
0,227.5,295.745
0,230.0,294.867
0,232.5,295.096
0,235.0,295.372
0,237.5,295.729
0,240.0,296.168
0,242.5,296.669
0,245.0,297.357
0,247.5,298.045
0,250.0,297.336
0,252.5,296.628
0,255.0,296.033
0,257.5,295.477
0,260.0,294.867
0,262.5,295.345
0,265.0,296.413
0,267.5,297.069
0,270.0,297.724
0,272.5,297.398
0,275.0,297.071
0,277.5,296.737
0,280.0,296.4
0,282.5,296.307
0,285.0,296.46
0,287.5,296.442
0,290.0,295.908
0,292.5,295.375
0,295.0,292.793
0,297.5,290.21
0,300.0,289.147
0,302.5,288.885
0,305.0,289.305
0,307.5,290.408
0,310.0,291.066
0,312.5,290.387
0,315.0,289.708
0,317.5,289.241
0,320.0,288.775
0,322.5,288.895
0,325.0,289.212
0,327.5,289.285
0,330.0,289.114
0,332.5,290.693
0,335.0,291.491
0,337.5,292.288
0,340.0,291.762
0,342.5,291.237
0,345.0,290.917
0,347.5,290.666
0,350.0,291.156
0,352.5,292.386
0,355.0,293.13
0,357.5,292.411
0,360.0,292.17
5,0.0,288.832
5,2.5,288.924
5,5.0,289.226
5,7.5,290.611
5,10.0,292.357
5,12.5,294.358
5,15.0,296.614
5,17.5,298.263
5,20.0,298.094
5,22.5,298.669
5,25.0,299.161
5,27.5,299.653
5,30.0,299.849
5,32.5,299.947
5,35.0,299.962
5,37.5,299.895
5,40.0,299.778
5,42.5,299.507
5,45.0,299.237
5,47.5,298.216
5,50.0,297.195
5,52.5,295.349
5,55.0,293.228
5,57.5,292.909
5,60.0,295.418
5,62.5,298.244
5,65.0,299.716
5,67.5,301.187
5,70.0,301.04
5,72.5,300.893
5,75.0,298.383
5,77.5,295.087
5,80.0,291.358
5,82.5,287.198
5,85.0,283.557
5,87.5,281.475
5,90.0,279.393
5,92.5,279.692
5,95.0,281.682
5,97.5,282.656
5,100.0,283.292
5,102.5,283.545
5,105.0,283.416
5,107.5,283.685
5,110.0,285.149
5,112.5,286.613
5,115.0,286.893
5,117.5,287.173
5,120.0,287.632
5,122.5,288.87
5,125.0,289.726
5,127.5,290.201
5,130.0,290.204
5,132.5,288.792
5,135.0,287.38
5,137.5,287.201
5,140.0,287.021
5,142.5,287.384
5,145.0,287.929
5,147.5,288.363
5,150.0,290.477
5,152.5,292.455
5,155.0,294.026
5,157.5,295.596
5,160.0,296.338
5,162.5,297.08
5,165.0,297.163
5,167.5,297.027
5,170.0,296.624
5,172.5,296.473
5,175.0,297.609
5,177.5,298.207
5,180.0,298.804
5,182.5,298.881
5,185.0,298.957
5,187.5,298.648
5,190.0,298.21
5,192.5,297.877
5,195.0,297.649
5,197.5,297.299
5,200.0,296.585
5,202.5,296.706
5,205.0,296.242
5,207.5,295.778
5,210.0,296.277
5,212.5,297.098
5,215.0,297.429
5,217.5,297.269
5,220.0,297.134
5,222.5,297.071
5,225.0,297.008
5,227.5,296.13
5,230.0,295.251
5,232.5,295.197
5,235.0,295.348
5,237.5,295.643
5,240.0,296.085
5,242.5,296.393
5,245.0,296.3
5,247.5,296.207
5,250.0,295.867
5,252.5,295.527
5,255.0,295.205
5,257.5,294.89
5,260.0,294.245
5,262.5,293.948
5,265.0,294.67
5,267.5,295.016
5,270.0,295.362
5,272.5,295.884
5,275.0,296.406
5,277.5,296.391
5,280.0,296.198
5,282.5,295.906
5,285.0,295.515
5,287.5,294.976
5,290.0,293.994
5,292.5,293.012
5,295.0,290.709
5,297.5,288.405
5,300.0,287.221
5,302.5,287.39
5,305.0,287.65
5,307.5,288.003
5,310.0,288.161
5,312.5,287.738
5,315.0,287.314
5,317.5,286.971
5,320.0,286.628
5,322.5,285.974
5,325.0,285.218
5,327.5,284.47
5,330.0,283.731
5,332.5,283.869
5,335.0,285.317
5,337.5,286.766
5,340.0,288.652
5,342.5,290.539
5,345.0,290.27
5,347.5,289.281
5,350.0,288.958
5,352.5,289.298
5,355.0,289.474
5,357.5,289.153
5,360.0,288.832
10,0.0,288.541
10,2.5,290.658
10,5.0,292.776
10,7.5,293.763
10,10.0,294.373
10,12.5,295.221
10,15.0,296.308
10,17.5,297.029
10,20.0,296.65
10,22.5,296.906
10,25.0,297.587
10,27.5,298.267
10,30.0,298.599
10,32.5,298.815
10,35.0,298.874
10,37.5,298.779
10,40.0,298.624
10,42.5,298.293
10,45.0,297.961
10,47.5,297.273
10,50.0,296.584
10,52.5,294.671
10,55.0,292.351
10,57.5,292.066
10,60.0,295.063
10,62.5,297.83
10,65.0,299.908
10,67.5,301.986
10,70.0,301.807
10,72.5,301.627
10,75.0,298.365
10,77.5,294.076
10,80.0,290.015
10,82.5,286.183
10,85.0,282.945
10,87.5,281.486
10,90.0,280.027
10,92.5,278.295
10,95.0,277.888
10,97.5,279.068
10,100.0,280.736
10,102.5,281.909
10,105.0,282.587
10,107.5,283.1
10,110.0,283.119
10,112.5,283.137
10,115.0,283.871
10,117.5,284.604
10,120.0,284.864
10,122.5,286.374
10,125.0,287.447
10,127.5,288.084
10,130.0,288.236
10,132.5,286.938
10,135.0,285.639
10,137.5,285.215
10,140.0,284.791
10,142.5,284.834
10,145.0,285.032
10,147.5,284.643
10,150.0,284.063
10,152.5,285.133
10,155.0,287.039
10,157.5,288.946
10,160.0,290.401
10,162.5,291.856
10,165.0,293.22
10,167.5,294.554
10,170.0,295.036
10,172.5,294.836
10,175.0,296.458
10,177.5,297.151
10,180.0,297.844
10,182.5,298.136
10,185.0,298.428
10,187.5,298.3
10,190.0,298.031
10,192.5,297.658
10,195.0,297.18
10,197.5,296.51
10,200.0,295.268
10,202.5,294.389
10,205.0,294.271
10,207.5,294.154
10,210.0,294.843
10,212.5,295.801
10,215.0,296.353
10,217.5,296.499
10,220.0,296.588
10,222.5,296.505
10,225.0,296.422
10,227.5,295.382
10,230.0,294.341
10,232.5,294.292
10,235.0,294.47
10,237.5,294.826
10,240.0,295.36
10,242.5,295.626
10,245.0,295.086
10,247.5,294.546
10,250.0,294.425
10,252.5,294.304
10,255.0,294.208
10,257.5,294.121
10,260.0,293.579
10,262.5,293.355
10,265.0,293.962
10,267.5,294.392
10,270.0,294.823
10,272.5,295.142
10,275.0,295.461
10,277.5,295.191
10,280.0,294.724
10,282.5,294.113
10,285.0,293.357
10,287.5,292.615
10,290.0,291.915
10,292.5,291.215
10,295.0,288.346
10,297.5,285.476
10,300.0,283.98
10,302.5,284.884
10,305.0,285.438
10,307.5,285.643
10,310.0,285.748
10,312.5,285.554
10,315.0,285.36
10,317.5,284.817
10,320.0,284.273
10,322.5,283.311
10,325.0,282.21
10,327.5,281.657
10,330.0,281.652
10,332.5,282.684
10,335.0,283.489
10,337.5,284.294
10,340.0,286.45
10,342.5,288.606
10,345.0,289.083
10,347.5,289.001
10,350.0,288.724
10,352.5,288.251
10,355.0,287.835
10,357.5,287.59
10,360.0,288.541
15,0.0,291.118
15,2.5,293.025
15,5.0,294.933
15,7.5,295.721
15,10.0,296.135
15,12.5,296.168
15,15.0,295.82
15,17.5,295.434
15,20.0,294.935
15,22.5,295.166
15,25.0,295.665
15,27.5,296.164
15,30.0,296.455
15,32.5,296.677
15,35.0,296.827
15,37.5,296.904
15,40.0,296.874
15,42.5,296.526
15,45.0,296.178
15,47.5,295.378
15,50.0,294.578
15,52.5,292.675
15,55.0,290.404
15,57.5,289.965
15,60.0,292.339
15,62.5,294.959
15,65.0,297.287
15,67.5,299.615
15,70.0,298.757
15,72.5,297.899
15,75.0,294.353
15,77.5,289.911
15,80.0,286.564
15,82.5,284.312
15,85.0,282.493
15,87.5,281.972
15,90.0,281.451
15,92.5,280.648
15,95.0,280.144
15,97.5,280.528
15,100.0,281.207
15,102.5,281.691
15,105.0,281.981
15,107.5,282.3
15,110.0,282.703
15,112.5,283.107
15,115.0,283.646
15,117.5,284.184
15,120.0,284.581
15,122.5,285.984
15,125.0,286.791
15,127.5,287.001
15,130.0,287.122
15,132.5,286.978
15,135.0,286.833
15,137.5,287.761
15,140.0,288.689
15,142.5,288.276
15,145.0,287.416
15,147.5,286.793
15,150.0,284.788
15,152.5,283.134
15,155.0,282.533
15,157.5,281.932
15,160.0,283.147
15,162.5,284.361
15,165.0,286.15
15,167.5,288.131
15,170.0,289.957
15,172.5,291.627
15,175.0,294.636
15,177.5,295.599
15,180.0,296.561
15,182.5,297.113
15,185.0,297.665
15,187.5,297.626
15,190.0,297.388
15,192.5,297.004
15,195.0,296.473
15,197.5,295.726
15,200.0,294.333
15,202.5,293.023
15,205.0,293.205
15,207.5,293.387
15,210.0,294.174
15,212.5,295.161
15,215.0,295.266
15,217.5,294.487
15,220.0,293.709
15,222.5,292.933
15,225.0,292.158
15,227.5,292.732
15,230.0,293.305
15,232.5,293.336
15,235.0,293.41
15,237.5,293.294
15,240.0,292.987
15,242.5,292.674
15,245.0,292.34
15,247.5,292.006
15,250.0,292.007
15,252.5,292.007
15,255.0,291.8
15,257.5,291.523
15,260.0,291.21
15,262.5,291.958
15,265.0,292.957
15,267.5,293.666
15,270.0,294.375
15,272.5,294.828
15,275.0,295.28
15,277.5,294.807
15,280.0,294.025
15,282.5,293.017
15,285.0,291.783
15,287.5,290.687
15,290.0,290.004
15,292.5,289.321
15,295.0,286.402
15,297.5,283.483
15,300.0,282.243
15,302.5,283.445
15,305.0,283.875
15,307.5,283.468
15,310.0,283.1
15,312.5,282.852
15,315.0,282.603
15,317.5,282.614
15,320.0,282.626
15,322.5,281.815
15,325.0,280.731
15,327.5,280.038
15,330.0,279.737
15,332.5,280.745
15,335.0,281.609
15,337.5,282.473
15,340.0,284.303
15,342.5,286.134
15,345.0,287.487
15,347.5,288.68
15,350.0,289.219
15,352.5,289.104
15,355.0,288.924
15,357.5,289.299
15,360.0,291.118
20,0.0,290.555
20,2.5,291.683
20,5.0,292.811
20,7.5,293.386
20,10.0,293.775
20,12.5,293.783
20,15.0,293.41
20,17.5,292.94
20,20.0,292.181
20,22.5,291.968
20,25.0,292.711
20,27.5,293.455
20,30.0,293.786
20,32.5,293.978
20,35.0,294.155
20,37.5,294.317
20,40.0,294.371
20,42.5,294.1
20,45.0,293.828
20,47.5,292.328
20,50.0,290.827
20,52.5,288.768
20,55.0,286.524
20,57.5,285.39
20,60.0,285.368
20,62.5,286.326
20,65.0,288.648
20,67.5,290.969
20,70.0,291.135
20,72.5,291.3
20,75.0,288.907
20,77.5,285.66
20,80.0,283.205
20,82.5,281.543
20,85.0,280.154
20,87.5,279.586
20,90.0,279.019
20,92.5,279.283
20,95.0,279.548
20,97.5,279.863
20,100.0,280.196
20,102.5,280.228
20,105.0,279.958
20,107.5,279.827
20,110.0,280.108
20,112.5,280.389
20,115.0,280.916
20,117.5,281.443
20,120.0,282.399
20,122.5,284.529
20,125.0,285.344
20,127.5,284.847
20,130.0,284.71
20,132.5,285.657
20,135.0,286.605
20,137.5,287.824
20,140.0,289.043
20,142.5,289.675
20,145.0,290.054
20,147.5,288.985
20,150.0,286.471
20,152.5,284.164
20,155.0,282.478
20,157.5,280.792
20,160.0,281.403
20,162.5,282.014
20,165.0,283.282
20,167.5,284.769
20,170.0,286.49
20,172.5,288.444
20,175.0,291.187
20,177.5,293.098
20,180.0,295.009
20,182.5,295.453
20,185.0,295.897
20,187.5,295.798
20,190.0,295.516
20,192.5,295.144
20,195.0,294.681
20,197.5,294.057
20,200.0,292.95
20,202.5,292.43
20,205.0,292.205
20,207.5,291.981
20,210.0,292.325
20,212.5,292.858
20,215.0,292.694
20,217.5,291.833
20,220.0,290.945
20,222.5,289.975
20,225.0,289.004
20,227.5,289.721
20,230.0,290.864
20,232.5,291.302
20,235.0,291.054
20,237.5,290.879
20,240.0,290.777
20,242.5,290.668
20,245.0,290.538
20,247.5,290.408
20,250.0,290.309
20,252.5,290.211
20,255.0,289.864
20,257.5,289.434
20,260.0,289.153
20,262.5,289.993
20,265.0,291.252
20,267.5,291.611
20,270.0,291.969
20,272.5,292.534
20,275.0,293.099
20,277.5,293.193
20,280.0,293.129
20,282.5,292.557
20,285.0,291.476
20,287.5,290.494
20,290.0,289.807
20,292.5,289.119
20,295.0,286.834
20,297.5,284.549
20,300.0,284.464
20,302.5,285.071
20,305.0,284.27
20,307.5,282.061
20,310.0,280.448
20,312.5,280.622
20,315.0,280.797
20,317.5,281.129
20,320.0,281.461
20,322.5,281.16
20,325.0,280.648
20,327.5,280.116
20,330.0,279.564
20,332.5,279.921
20,335.0,281.931
20,337.5,283.941
20,340.0,284.333
20,342.5,284.726
20,345.0,285.287
20,347.5,285.905
20,350.0,286.532
20,352.5,287.169
20,355.0,287.533
20,357.5,288.854
20,360.0,290.555
25,0.0,286.808
25,2.5,288.384
25,5.0,289.959
25,7.5,290.638
25,10.0,291.018
25,12.5,290.914
25,15.0,290.326
25,17.5,289.667
25,20.0,288.796
25,22.5,288.856
25,25.0,289.665
25,27.5,290.474
25,30.0,290.712
25,32.5,290.761
25,35.0,290.792
25,37.5,290.805
25,40.0,290.727
25,42.5,290.372
25,45.0,290.018
25,47.5,288.304
25,50.0,286.59
25,52.5,285.058
25,55.0,283.586
25,57.5,281.805
25,60.0,279.976
25,62.5,278.946
25,65.0,279.455
25,67.5,279.964
25,70.0,280.542
25,72.5,281.121
25,75.0,280.473
25,77.5,279.417
25,80.0,278.811
25,82.5,278.653
25,85.0,278.316
25,87.5,277.439
25,90.0,276.834
25,92.5,277.042
25,95.0,277.251
25,97.5,277.325
25,100.0,277.355
25,102.5,277.216
25,105.0,276.909
25,107.5,276.75
25,110.0,277.036
25,112.5,277.322
25,115.0,277.099
25,117.5,276.876
25,120.0,277.539
25,122.5,279.998
25,125.0,281.682
25,127.5,282.591
25,130.0,283.332
25,132.5,283.571
25,135.0,283.81
25,137.5,284.282
25,140.0,284.754
25,142.5,285.975
25,145.0,286.737
25,147.5,286.507
25,150.0,285.285
25,152.5,283.945
25,155.0,282.249
25,157.5,280.553
25,160.0,280.996
25,162.5,281.439
25,165.0,283.191
25,167.5,285.38
25,170.0,286.669
25,172.5,287.058
25,175.0,289.162
25,177.5,291.109
25,180.0,293.056
25,182.5,293.111
25,185.0,293.166
25,187.5,293.065
25,190.0,292.911
25,192.5,292.516
25,195.0,291.88
25,197.5,291.208
25,200.0,290.427
25,202.5,290.738
25,205.0,290.398
25,207.5,290.059
25,210.0,289.968
25,212.5,289.959
25,215.0,289.937
25,217.5,289.903
25,220.0,289.671
25,222.5,288.844
25,225.0,288.016
25,227.5,287.458
25,230.0,287.225
25,232.5,287.346
25,235.0,287.086
25,237.5,287.346
25,240.0,288.126
25,242.5,288.778
25,245.0,289.044
25,247.5,289.31
25,250.0,289.201
25,252.5,289.093
25,255.0,288.447
25,257.5,287.622
25,260.0,287.043
25,262.5,287.717
25,265.0,289.106
25,267.5,289.881
25,270.0,290.656
25,272.5,290.739
25,275.0,290.823
25,277.5,290.725
25,280.0,290.567
25,282.5,290.327
25,285.0,290.007
25,287.5,289.389
25,290.0,287.877
25,292.5,286.366
25,295.0,284.096
25,297.5,281.826
25,300.0,280.556
25,302.5,281.033
25,305.0,280.758
25,307.5,279.63
25,310.0,278.95
25,312.5,279.61
25,315.0,280.27
25,317.5,281.042
25,320.0,281.815
25,322.5,281.57
25,325.0,280.985
25,327.5,280.384
25,330.0,279.764
25,332.5,279.689
25,335.0,281.041
25,337.5,282.393
25,340.0,282.305
25,342.5,282.217
25,345.0,282.822
25,347.5,283.658
25,350.0,284.245
25,352.5,284.583
25,355.0,284.649
25,357.5,285.491
25,360.0,286.808
30,0.0,280.994
30,2.5,282.548
30,5.0,284.102
30,7.5,285.218
30,10.0,286.19
30,12.5,286.368
30,15.0,285.755
30,17.5,285.13
30,20.0,284.474
30,22.5,284.698
30,25.0,285.399
30,27.5,286.1
30,30.0,286.461
30,32.5,286.71
30,35.0,286.724
30,37.5,286.503
30,40.0,285.899
30,42.5,284.144
30,45.0,282.388
30,47.5,280.735
30,50.0,279.081
30,52.5,278.75
30,55.0,278.86
30,57.5,278.694
30,60.0,278.4
30,62.5,278.195
30,65.0,278.253
30,67.5,278.311
30,70.0,277.879
30,72.5,277.446
30,75.0,276.466
30,77.5,275.304
30,80.0,274.503
30,82.5,274.063
30,85.0,273.831
30,87.5,274.221
30,90.0,275.378
30,92.5,275.761
30,95.0,276.143
30,97.5,274.693
30,100.0,272.632
30,102.5,271.69
30,105.0,271.867
30,107.5,272.096
30,110.0,272.48
30,112.5,272.863
30,115.0,272.764
30,117.5,272.664
30,120.0,274.494
30,122.5,278.426
30,125.0,280.577
30,127.5,280.948
30,130.0,281.041
30,132.5,280.3
30,135.0,279.559
30,137.5,279.773
30,140.0,279.988
30,142.5,279.808
30,145.0,281.199
30,147.5,281.343
30,150.0,280.238
30,152.5,279.477
30,155.0,279.751
30,157.5,280.024
30,160.0,280.375
30,162.5,280.727
30,165.0,282.453
30,167.5,284.637
30,170.0,285.429
30,172.5,284.83
30,175.0,285.746
30,177.5,286.708
30,180.0,287.669
30,182.5,288.409
30,185.0,289.149
30,187.5,289.451
30,190.0,289.607
30,192.5,289.219
30,195.0,288.288
30,197.5,287.404
30,200.0,286.661
30,202.5,287.129
30,205.0,287.234
30,207.5,287.34
30,210.0,287.192
30,212.5,286.959
30,215.0,287.07
30,217.5,287.524
30,220.0,287.813
30,222.5,287.606
30,225.0,287.399
30,227.5,285.502
30,230.0,283.604
30,232.5,283.711
30,235.0,284.684
30,237.5,285.488
30,240.0,286.125
30,242.5,286.59
30,245.0,286.541
30,247.5,286.493
30,250.0,286.736
30,252.5,286.979
30,255.0,286.882
30,257.5,286.671
30,260.0,286.001
30,262.5,285.913
30,265.0,286.687
30,267.5,287.668
30,270.0,288.649
30,272.5,288.161
30,275.0,287.673
30,277.5,287.409
30,280.0,287.22
30,282.5,287.143
30,285.0,287.179
30,287.5,286.924
30,290.0,285.796
30,292.5,284.668
30,295.0,281.668
30,297.5,278.669
30,300.0,276.54
30,302.5,275.038
30,305.0,274.734
30,307.5,274.679
30,310.0,275.088
30,312.5,276.886
30,315.0,278.685
30,317.5,278.781
30,320.0,278.878
30,322.5,278.39
30,325.0,277.707
30,327.5,277.032
30,330.0,276.365
30,332.5,276.206
30,335.0,277.011
30,337.5,277.815
30,340.0,277.183
30,342.5,276.551
30,345.0,277.311
30,347.5,278.536
30,350.0,279.297
30,352.5,279.595
30,355.0,279.701
30,357.5,279.518
30,360.0,280.994
35,0.0,273.002
35,2.5,274.761
35,5.0,276.52
35,7.5,277.473
35,10.0,278.157
35,12.5,278.309
35,15.0,277.929
35,17.5,277.443
35,20.0,276.644
35,22.5,275.844
35,25.0,274.932
35,27.5,275.829
35,30.0,276.978
35,32.5,278.157
35,35.0,279.092
35,37.5,279.784
35,40.0,280.224
35,42.5,279.911
35,45.0,279.598
35,47.5,278.422
35,50.0,277.246
35,52.5,275.745
35,55.0,274.137
35,57.5,272.403
35,60.0,271.185
35,62.5,270.854
35,65.0,271.606
35,67.5,272.358
35,70.0,272.309
35,72.5,272.261
35,75.0,271.304
35,77.5,270.045
35,80.0,269.248
35,82.5,268.913
35,85.0,268.579
35,87.5,268.245
35,90.0,267.911
35,92.5,268.9
35,95.0,270.035
35,97.5,269.123
35,100.0,267.528
35,102.5,266.901
35,105.0,267.243
35,107.5,267.477
35,110.0,267.387
35,112.5,267.298
35,115.0,267.579
35,117.5,267.86
35,120.0,268.358
35,122.5,270.148
35,125.0,271.928
35,127.5,273.699
35,130.0,275.107
35,132.5,275.43
35,135.0,275.753
35,137.5,275.529
35,140.0,275.305
35,142.5,274.417
35,145.0,273.306
35,147.5,273.272
35,150.0,273.883
35,152.5,274.538
35,155.0,275.325
35,157.5,276.111
35,160.0,276.384
35,162.5,276.658
35,165.0,277.172
35,167.5,277.766
35,170.0,278.07
35,172.5,278.082
35,175.0,277.894
35,177.5,277.355
35,180.0,278.177
35,182.5,278.872
35,185.0,279.568
35,187.5,280.416
35,190.0,281.316
35,192.5,281.348
35,195.0,280.515
35,197.5,279.904
35,200.0,279.96
35,202.5,280.017
35,205.0,281.512
35,207.5,283.107
35,210.0,283.397
35,212.5,283.254
35,215.0,283.158
35,217.5,283.111
35,220.0,282.92
35,222.5,282.293
35,225.0,281.667
35,227.5,280.769
35,230.0,279.871
35,232.5,280.106
35,235.0,280.212
35,237.5,280.24
35,240.0,280.189
35,242.5,280.231
35,245.0,280.553
35,247.5,280.874
35,250.0,281.09
35,252.5,281.306
35,255.0,281.474
35,257.5,281.627
35,260.0,281.379
35,262.5,281.639
35,265.0,282.611
35,267.5,282.924
35,270.0,283.236
35,272.5,283.265
35,275.0,283.293
35,277.5,283.18
35,280.0,283.02
35,282.5,282.723
35,285.0,282.288
35,287.5,281.477
35,290.0,279.538
35,292.5,277.599
35,295.0,275.198
35,297.5,272.797
35,300.0,271.163
35,302.5,270.602
35,305.0,269.856
35,307.5,268.63
35,310.0,268.332
35,312.5,270.817
35,315.0,273.302
35,317.5,273.713
35,320.0,274.124
35,322.5,273.842
35,325.0,273.329
35,327.5,272.724
35,330.0,272.028
35,332.5,271.76
35,335.0,272.722
35,337.5,273.684
35,340.0,274.071
35,342.5,274.457
35,345.0,273.475
35,347.5,272.038
35,350.0,271.532
35,352.5,271.957
35,355.0,272.196
35,357.5,271.879
35,360.0,273.002
40,0.0,265.316
40,2.5,265.893
40,5.0,266.469
40,7.5,267.245
40,10.0,268.088
40,12.5,268.663
40,15.0,268.972
40,17.5,269.112
40,20.0,268.748
40,22.5,268.384
40,25.0,267.605
40,27.5,266.826
40,30.0,267.113
40,32.5,268.378
40,35.0,269.166
40,37.5,269.479
40,40.0,269.796
40,42.5,270.129
40,45.0,270.462
40,47.5,269.533
40,50.0,268.604
40,52.5,267.611
40,55.0,266.597
40,57.5,265.604
40,60.0,264.632
40,62.5,264.619
40,65.0,265.071
40,67.5,265.523
40,70.0,265.066
40,72.5,264.609
40,75.0,264.193
40,77.5,263.79
40,80.0,264.122
40,82.5,265.188
40,85.0,265.59
40,87.5,264.002
40,90.0,262.414
40,92.5,260.437
40,95.0,259.816
40,97.5,259.94
40,100.0,260.313
40,102.5,260.764
40,105.0,261.294
40,107.5,261.643
40,110.0,261.453
40,112.5,261.262
40,115.0,261.249
40,117.5,261.235
40,120.0,261.02
40,122.5,262.271
40,125.0,263.405
40,127.5,264.421
40,130.0,265.315
40,132.5,265.845
40,135.0,266.374
40,137.5,266.817
40,140.0,267.26
40,142.5,267.157
40,145.0,266.871
40,147.5,267.395
40,150.0,268.305
40,152.5,268.945
40,155.0,268.774
40,157.5,268.604
40,160.0,268.982
40,162.5,269.36
40,165.0,268.914
40,167.5,268.195
40,170.0,268.041
40,172.5,268.455
40,175.0,268.663
40,177.5,268.259
40,180.0,267.854
40,182.5,267.476
40,185.0,267.294
40,187.5,267.703
40,190.0,268.308
40,192.5,268.478
40,195.0,268.211
40,197.5,268.078
40,200.0,268.342
40,202.5,268.606
40,205.0,269.529
40,207.5,273.052
40,210.0,275.15
40,212.5,276.612
40,215.0,277.219
40,217.5,276.969
40,220.0,276.713
40,222.5,276.436
40,225.0,276.159
40,227.5,275.449
40,230.0,274.739
40,232.5,274.197
40,235.0,273.867
40,237.5,273.657
40,240.0,273.569
40,242.5,273.559
40,245.0,273.783
40,247.5,274.007
40,250.0,274.209
40,252.5,274.411
40,255.0,274.886
40,257.5,275.451
40,260.0,275.594
40,262.5,276.054
40,265.0,277.097
40,267.5,276.671
40,270.0,276.244
40,272.5,276.532
40,275.0,276.821
40,277.5,276.76
40,280.0,276.584
40,282.5,275.928
40,285.0,274.794
40,287.5,273.289
40,290.0,270.675
40,292.5,268.061
40,295.0,266.41
40,297.5,264.76
40,300.0,263.106
40,302.5,261.821
40,305.0,261.729
40,307.5,262.136
40,310.0,262.888
40,312.5,264.675
40,315.0,266.463
40,317.5,267.247
40,320.0,268.032
40,322.5,268.048
40,325.0,267.808
40,327.5,267.389
40,330.0,266.789
40,332.5,266.401
40,335.0,267.417
40,337.5,268.432
40,340.0,268.808
40,342.5,269.184
40,345.0,268.971
40,347.5,268.562
40,350.0,268.153
40,352.5,267.745
40,355.0,267.199
40,357.5,266.241
40,360.0,265.316
45,0.0,260.822
45,2.5,260.508
45,5.0,260.821
45,7.5,260.858
45,10.0,260.803
45,12.5,260.609
45,15.0,260.277
45,17.5,260.073
45,20.0,260.254
45,22.5,260.434
45,25.0,260.031
45,27.5,259.628
45,30.0,259.068
45,32.5,259.165
45,35.0,259.488
45,37.5,260.037
45,40.0,260.288
45,42.5,259.643
45,45.0,258.998
45,47.5,258.503
45,50.0,258.008
45,52.5,257.826
45,55.0,257.748
45,57.5,257.93
45,60.0,258.375
45,62.5,258.17
45,65.0,257.256
45,67.5,256.343
45,70.0,255.849
45,72.5,255.356
45,75.0,255.592
45,77.5,256.073
45,80.0,257.419
45,82.5,259.631
45,85.0,261.084
45,87.5,260.259
45,90.0,259.433
45,92.5,257.798
45,95.0,257.14
45,97.5,257.197
45,100.0,257.335
45,102.5,257.414
45,105.0,257.435
45,107.5,257.304
45,110.0,256.718
45,112.5,256.132
45,115.0,255.307
45,117.5,254.481
45,120.0,253.768
45,122.5,253.988
45,125.0,254.765
45,127.5,255.284
45,130.0,255.775
45,132.5,256.178
45,135.0,256.582
45,137.5,257.286
45,140.0,257.99
45,142.5,258.07
45,145.0,257.941
45,147.5,257.571
45,150.0,257.842
45,152.5,258.587
45,155.0,258.575
45,157.5,258.563
45,160.0,258.649
45,162.5,258.736
45,165.0,258.256
45,167.5,257.588
45,170.0,256.934
45,172.5,256.292
45,175.0,255.73
45,177.5,255.402
45,180.0,255.074
45,182.5,255.01
45,185.0,256.132
45,187.5,256.961
45,190.0,257.691
45,192.5,258.369
45,195.0,258.995
45,197.5,259.37
45,200.0,258.994
45,202.5,258.618
45,205.0,258.91
45,207.5,259.201
45,210.0,260.992
45,212.5,263.194
45,215.0,265.049
45,217.5,266.556
45,220.0,267.776
45,222.5,268.135
45,225.0,268.494
45,227.5,267.698
45,230.0,266.903
45,232.5,264.987
45,235.0,263.224
45,237.5,262.751
45,240.0,262.952
45,242.5,263.383
45,245.0,264.501
45,247.5,265.619
45,250.0,266.407
45,252.5,267.195
45,255.0,267.326
45,257.5,267.237
45,260.0,266.739
45,262.5,265.831
45,265.0,265.347
45,267.5,264.377
45,270.0,263.408
45,272.5,263.893
45,275.0,264.379
45,277.5,264.672
45,280.0,264.902
45,282.5,264.729
45,285.0,264.154
45,287.5,263.453
45,290.0,262.375
45,292.5,261.297
45,295.0,260.0
45,297.5,258.704
45,300.0,257.117
45,302.5,255.432
45,305.0,254.834
45,307.5,254.958
45,310.0,255.421
45,312.5,256.897
45,315.0,258.373
45,317.5,259.242
45,320.0,260.111
45,322.5,260.397
45,325.0,260.488
45,327.5,260.153
45,330.0,259.394
45,332.5,258.702
45,335.0,259.501
45,337.5,260.692
45,340.0,261.369
45,342.5,262.046
45,345.0,262.627
45,347.5,263.177
45,350.0,263.317
45,352.5,263.047
45,355.0,262.62
45,357.5,261.721
45,360.0,260.822
50,0.0,251.612
50,2.5,251.009
50,5.0,251.367
50,7.5,251.285
50,10.0,251.058
50,12.5,250.996
50,15.0,251.1
50,17.5,251.17
50,20.0,251.138
50,22.5,251.105
50,25.0,250.993
50,27.5,250.882
50,30.0,250.699
50,32.5,251.56
50,35.0,252.071
50,37.5,252.232
50,40.0,252.262
50,42.5,251.903
50,45.0,251.543
50,47.5,251.165
50,50.0,250.787
50,52.5,250.375
50,55.0,249.951
50,57.5,249.296
50,60.0,248.411
50,62.5,247.727
50,65.0,248.188
50,67.5,248.649
50,70.0,248.888
50,72.5,249.128
50,75.0,250.046
50,77.5,251.192
50,80.0,251.903
50,82.5,252.179
50,85.0,252.221
50,87.5,251.561
50,90.0,250.901
50,92.5,250.079
50,95.0,250.34
50,97.5,250.698
50,100.0,250.95
50,102.5,251.128
50,105.0,251.232
50,107.5,251.267
50,110.0,251.093
50,112.5,250.92
50,115.0,250.561
50,117.5,250.202
50,120.0,249.5
50,122.5,248.683
50,125.0,248.732
50,127.5,248.341
50,130.0,248.246
50,132.5,249.034
50,135.0,249.822
50,137.5,250.462
50,140.0,251.103
50,142.5,250.843
50,145.0,250.283
50,147.5,249.663
50,150.0,248.984
50,152.5,248.977
50,155.0,249.689
50,157.5,250.401
50,160.0,250.938
50,162.5,251.475
50,165.0,251.088
50,167.5,250.393
50,170.0,249.779
50,172.5,249.247
50,175.0,248.795
50,177.5,248.583
50,180.0,248.371
50,182.5,248.153
50,185.0,249.47
50,187.5,250.295
50,190.0,250.894
50,192.5,251.067
50,195.0,250.814
50,197.5,250.565
50,200.0,250.328
50,202.5,250.092
50,205.0,250.094
50,207.5,250.097
50,210.0,250.474
50,212.5,251.861
50,215.0,252.856
50,217.5,253.458
50,220.0,253.959
50,222.5,254.153
50,225.0,254.348
50,227.5,254.279
50,230.0,254.21
50,232.5,253.821
50,235.0,253.326
50,237.5,252.587
50,240.0,252.809
50,242.5,253.402
50,245.0,254.112
50,247.5,254.821
50,250.0,255.379
50,252.5,255.938
50,255.0,255.884
50,257.5,255.626
50,260.0,255.189
50,262.5,254.571
50,265.0,253.928
50,267.5,253.208
50,270.0,253.359
50,272.5,253.173
50,275.0,252.986
50,277.5,252.826
50,280.0,252.674
50,282.5,252.494
50,285.0,252.286
50,287.5,252.203
50,290.0,252.494
50,292.5,252.786
50,295.0,251.621
50,297.5,250.457
50,300.0,248.754
50,302.5,246.872
50,305.0,245.837
50,307.5,246.072
50,310.0,246.512
50,312.5,247.566
50,315.0,248.621
50,317.5,249.25
50,320.0,249.879
50,322.5,249.903
50,325.0,249.725
50,327.5,249.536
50,330.0,249.336
50,332.5,248.994
50,335.0,248.586
50,337.5,249.219
50,340.0,250.127
50,342.5,251.035
50,345.0,252.033
50,347.5,253.062
50,350.0,253.587
50,352.5,253.609
50,355.0,253.402
50,357.5,252.507
50,360.0,251.612
55,0.0,236.883
55,2.5,236.297
55,5.0,237.127
55,7.5,237.994
55,10.0,238.864
55,12.5,239.838
55,15.0,240.915
55,17.5,241.744
55,20.0,241.823
55,22.5,241.901
55,25.0,241.726
55,27.5,241.551
55,30.0,240.874
55,32.5,241.322
55,35.0,241.755
55,37.5,242.03
55,40.0,242.277
55,42.5,242.438
55,45.0,242.6
55,47.5,242.333
55,50.0,242.067
55,52.5,241.695
55,55.0,241.289
55,57.5,240.804
55,60.0,240.242
55,62.5,239.698
55,65.0,240.311
55,67.5,241.086
55,70.0,241.424
55,72.5,241.762
55,75.0,241.803
55,77.5,241.744
55,80.0,241.684
55,82.5,241.62
55,85.0,241.442
55,87.5,240.916
55,90.0,240.391
55,92.5,239.756
55,95.0,239.699
55,97.5,239.857
55,100.0,239.841
55,102.5,239.838
55,105.0,239.848
55,107.5,239.825
55,110.0,239.7
55,112.5,239.575
55,115.0,239.411
55,117.5,239.248
55,120.0,238.849
55,122.5,238.371
55,125.0,238.199
55,127.5,239.11
55,130.0,239.939
55,132.5,240.524
55,135.0,241.108
55,137.5,241.241
55,140.0,241.373
55,142.5,241.445
55,145.0,241.497
55,147.5,241.333
55,150.0,240.953
55,152.5,240.526
55,155.0,241.21
55,157.5,241.961
55,160.0,242.298
55,162.5,242.634
55,165.0,242.421
55,167.5,242.024
55,170.0,241.574
55,172.5,241.072
55,175.0,240.654
55,177.5,240.491
55,180.0,240.328
55,182.5,239.936
55,185.0,239.857
55,187.5,240.716
55,190.0,241.498
55,192.5,241.911
55,195.0,241.955
55,197.5,241.99
55,200.0,242.001
55,202.5,242.012
55,205.0,241.956
55,207.5,241.9
55,210.0,241.643
55,212.5,243.106
55,215.0,244.093
55,217.5,244.584
55,220.0,244.925
55,222.5,244.813
55,225.0,244.702
55,227.5,244.455
55,230.0,244.207
55,232.5,243.896
55,235.0,243.564
55,237.5,243.121
55,240.0,243.276
55,242.5,244.185
55,245.0,244.81
55,247.5,245.435
55,250.0,245.794
55,252.5,246.154
55,255.0,246.192
55,257.5,246.124
55,260.0,245.798
55,262.5,245.215
55,265.0,244.51
55,267.5,243.44
55,270.0,242.37
55,272.5,241.496
55,275.0,240.737
55,277.5,240.41
55,280.0,240.228
55,282.5,240.184
55,285.0,240.278
55,287.5,240.424
55,290.0,240.727
55,292.5,241.029
55,295.0,240.477
55,297.5,239.924
55,300.0,239.141
55,302.5,238.28
55,305.0,237.597
55,307.5,237.77
55,310.0,238.241
55,312.5,238.512
55,315.0,238.784
55,317.5,238.764
55,320.0,238.744
55,322.5,238.502
55,325.0,238.187
55,327.5,238.032
55,330.0,238.037
55,332.5,237.868
55,335.0,237.177
55,337.5,237.33
55,340.0,238.005
55,342.5,238.681
55,345.0,239.517
55,347.5,240.408
55,350.0,240.594
55,352.5,240.077
55,355.0,239.378
55,357.5,238.13
55,360.0,236.883
60,0.0,226.913
60,2.5,226.521
60,5.0,226.632
60,7.5,227.604
60,10.0,228.65
60,12.5,229.555
60,15.0,230.318
60,17.5,230.819
60,20.0,230.537
60,22.5,230.254
60,25.0,229.93
60,27.5,229.607
60,30.0,229.046
60,32.5,228.406
60,35.0,228.624
60,37.5,228.992
60,40.0,229.297
60,42.5,229.414
60,45.0,229.532
60,47.5,229.307
60,50.0,229.082
60,52.5,229.127
60,55.0,229.263
60,57.5,229.158
60,60.0,228.814
60,62.5,228.396
60,65.0,227.992
60,67.5,228.357
60,70.0,228.762
60,72.5,229.168
60,75.0,229.636
60,77.5,230.125
60,80.0,230.289
60,82.5,230.13
60,85.0,229.9
60,87.5,229.459
60,90.0,229.019
60,92.5,228.368
60,95.0,227.744
60,97.5,227.939
60,100.0,228.034
60,102.5,228.169
60,105.0,228.344
60,107.5,228.513
60,110.0,228.667
60,112.5,228.821
60,115.0,228.972
60,117.5,229.124
60,120.0,229.038
60,122.5,228.874
60,125.0,228.649
60,127.5,229.492
60,130.0,230.166
60,132.5,230.336
60,135.0,230.505
60,137.5,230.93
60,140.0,231.354
60,142.5,231.457
60,145.0,231.453
60,147.5,231.246
60,150.0,230.835
60,152.5,230.362
60,155.0,230.15
60,157.5,230.588
60,160.0,230.7
60,162.5,230.811
60,165.0,230.802
60,167.5,230.752
60,170.0,230.657
60,172.5,230.516
60,175.0,230.378
60,177.5,230.25
60,180.0,230.122
60,182.5,229.634
60,185.0,229.145
60,187.5,229.222
60,190.0,230.137
60,192.5,230.89
60,195.0,231.483
60,197.5,231.971
60,200.0,232.144
60,202.5,232.318
60,205.0,232.387
60,207.5,232.455
60,210.0,232.124
60,212.5,231.659
60,215.0,232.574
60,217.5,233.661
60,220.0,234.627
60,222.5,235.23
60,225.0,235.833
60,227.5,235.224
60,230.0,234.614
60,232.5,233.85
60,235.0,233.034
60,237.5,232.259
60,240.0,231.524
60,242.5,231.637
60,245.0,232.371
60,247.5,233.105
60,250.0,233.958
60,252.5,234.81
60,255.0,235.342
60,257.5,235.768
60,260.0,235.347
60,262.5,234.078
60,265.0,232.796
60,267.5,231.471
60,270.0,230.147
60,272.5,229.187
60,275.0,228.545
60,277.5,228.907
60,280.0,229.381
60,282.5,229.462
60,285.0,229.148
60,287.5,228.836
60,290.0,228.531
60,292.5,228.225
60,295.0,228.015
60,297.5,227.804
60,300.0,227.574
60,302.5,227.337
60,305.0,227.055
60,307.5,227.15
60,310.0,227.671
60,312.5,227.508
60,315.0,227.346
60,317.5,227.39
60,320.0,227.435
60,322.5,227.298
60,325.0,227.102
60,327.5,226.924
60,330.0,226.765
60,332.5,226.515
60,335.0,225.992
60,337.5,225.885
60,340.0,226.512
60,342.5,227.14
60,345.0,227.616
60,347.5,228.041
60,350.0,228.053
60,352.5,227.651
60,355.0,227.301
60,357.5,227.107
60,360.0,226.913
65,0.0,215.101
65,2.5,214.673
65,5.0,214.72
65,7.5,215.275
65,10.0,215.854
65,12.5,216.184
65,15.0,216.265
65,17.5,216.302
65,20.0,216.209
65,22.5,216.116
65,25.0,216.134
65,27.5,216.151
65,30.0,215.885
65,32.5,215.525
65,35.0,215.675
65,37.5,216.272
65,40.0,216.768
65,42.5,216.96
65,45.0,217.153
65,47.5,217.36
65,50.0,217.566
65,52.5,217.634
65,55.0,217.655
65,57.5,217.654
65,60.0,217.63
65,62.5,217.51
65,65.0,217.389
65,67.5,217.988
65,70.0,218.203
65,72.5,218.419
65,75.0,218.578
65,77.5,218.718
65,80.0,218.718
65,82.5,218.58
65,85.0,218.423
65,87.5,218.213
65,90.0,218.003
65,92.5,217.458
65,95.0,217.012
65,97.5,217.271
65,100.0,217.459
65,102.5,217.565
65,105.0,217.59
65,107.5,217.631
65,110.0,217.721
65,112.5,217.81
65,115.0,217.575
65,117.5,217.34
65,120.0,217.104
65,122.5,216.867
65,125.0,216.548
65,127.5,216.95
65,130.0,217.337
65,132.5,217.679
65,135.0,218.022
65,137.5,218.188
65,140.0,218.354
65,142.5,218.174
65,145.0,217.879
65,147.5,217.662
65,150.0,217.522
65,152.5,217.21
65,155.0,216.379
65,157.5,216.415
65,160.0,216.589
65,162.5,216.763
65,165.0,216.92
65,167.5,217.071
65,170.0,217.294
65,172.5,217.588
65,175.0,217.787
65,177.5,217.702
65,180.0,217.617
65,182.5,217.192
65,185.0,216.767
65,187.5,216.679
65,190.0,217.647
65,192.5,218.513
65,195.0,219.276
65,197.5,219.874
65,200.0,219.973
65,202.5,220.072
65,205.0,220.138
65,207.5,220.203
65,210.0,219.817
65,212.5,219.28
65,215.0,219.535
65,217.5,220.098
65,220.0,220.62
65,222.5,221.024
65,225.0,221.427
65,227.5,221.368
65,230.0,221.31
65,232.5,220.85
65,235.0,220.257
65,237.5,219.7
65,240.0,219.18
65,242.5,218.702
65,245.0,219.064
65,247.5,219.911
65,250.0,220.367
65,252.5,220.823
65,255.0,220.989
65,257.5,221.059
65,260.0,220.762
65,262.5,220.1
65,265.0,219.442
65,267.5,218.794
65,270.0,218.146
65,272.5,217.371
65,275.0,216.596
65,277.5,216.811
65,280.0,217.29
65,282.5,217.317
65,285.0,216.893
65,287.5,216.541
65,290.0,216.405
65,292.5,216.269
65,295.0,215.543
65,297.5,214.816
65,300.0,214.816
65,302.5,215.058
65,305.0,214.962
65,307.5,214.665
65,310.0,214.909
65,312.5,214.662
65,315.0,214.415
65,317.5,214.246
65,320.0,214.078
65,322.5,214.052
65,325.0,214.074
65,327.5,214.087
65,330.0,214.093
65,332.5,213.951
65,335.0,213.37
65,337.5,213.061
65,340.0,213.649
65,342.5,214.237
65,345.0,214.729
65,347.5,215.188
65,350.0,215.448
65,352.5,215.51
65,355.0,215.506
65,357.5,215.304
65,360.0,215.101
70,0.0,201.403
70,2.5,201.103
70,5.0,200.803
70,7.5,201.117
70,10.0,201.457
70,12.5,201.748
70,15.0,201.991
70,17.5,202.191
70,20.0,202.263
70,22.5,202.334
70,25.0,202.354
70,27.5,202.374
70,30.0,202.297
70,32.5,202.187
70,35.0,202.172
70,37.5,202.624
70,40.0,203.004
70,42.5,203.171
70,45.0,203.338
70,47.5,203.484
70,50.0,203.631
70,52.5,203.72
70,55.0,203.79
70,57.5,203.753
70,60.0,203.608
70,62.5,203.397
70,65.0,203.091
70,67.5,203.45
70,70.0,203.68
70,72.5,203.91
70,75.0,203.998
70,77.5,204.038
70,80.0,204.018
70,82.5,203.938
70,85.0,203.832
70,87.5,203.647
70,90.0,203.463
70,92.5,203.152
70,95.0,202.842
70,97.5,203.152
70,100.0,203.561
70,102.5,203.844
70,105.0,204.004
70,107.5,204.157
70,110.0,204.294
70,112.5,204.432
70,115.0,204.311
70,117.5,204.191
70,120.0,203.936
70,122.5,203.637
70,125.0,203.361
70,127.5,203.752
70,130.0,204.162
70,132.5,204.491
70,135.0,204.819
70,137.5,204.83
70,140.0,204.841
70,142.5,204.841
70,145.0,204.837
70,147.5,204.8
70,150.0,204.73
70,152.5,204.589
70,155.0,204.235
70,157.5,204.346
70,160.0,204.309
70,162.5,204.273
70,165.0,204.792
70,167.5,205.497
70,170.0,205.924
70,172.5,206.072
70,175.0,206.179
70,177.5,206.164
70,180.0,206.149
70,182.5,206.096
70,185.0,206.043
70,187.5,205.725
70,190.0,205.926
70,192.5,206.33
70,195.0,206.748
70,197.5,207.085
70,200.0,207.179
70,202.5,207.272
70,205.0,207.265
70,207.5,207.258
70,210.0,207.041
70,212.5,206.754
70,215.0,206.655
70,217.5,207.179
70,220.0,207.62
70,222.5,207.81
70,225.0,208.001
70,227.5,207.804
70,230.0,207.608
70,232.5,207.283
70,235.0,206.916
70,237.5,206.566
70,240.0,206.233
70,242.5,205.884
70,245.0,205.574
70,247.5,205.915
70,250.0,206.15
70,252.5,206.385
70,255.0,206.478
70,257.5,206.524
70,260.0,206.499
70,262.5,206.403
70,265.0,206.27
70,267.5,206.029
70,270.0,205.787
70,272.5,205.373
70,275.0,204.959
70,277.5,205.085
70,280.0,205.147
70,282.5,205.201
70,285.0,205.247
70,287.5,205.265
70,290.0,205.199
70,292.5,205.133
70,295.0,204.973
70,297.5,204.813
70,300.0,204.335
70,302.5,203.75
70,305.0,203.278
70,307.5,203.092
70,310.0,203.294
70,312.5,203.326
70,315.0,203.357
70,317.5,203.418
70,320.0,203.478
70,322.5,203.522
70,325.0,203.561
70,327.5,203.442
70,330.0,203.165
70,332.5,202.876
70,335.0,202.55
70,337.5,202.519
70,340.0,202.44
70,342.5,202.361
70,345.0,202.289
70,347.5,202.219
70,350.0,202.126
70,352.5,202.01
70,355.0,201.865
70,357.5,201.634
70,360.0,201.403
75,0.0,189.577
75,2.5,189.191
75,5.0,188.805
75,7.5,188.578
75,10.0,188.728
75,12.5,188.914
75,15.0,189.04
75,17.5,189.188
75,20.0,189.401
75,22.5,189.613
75,25.0,189.586
75,27.5,189.559
75,30.0,189.503
75,32.5,189.439
75,35.0,189.367
75,37.5,189.288
75,40.0,189.602
75,42.5,189.903
75,45.0,190.205
75,47.5,190.32
75,50.0,190.436
75,52.5,190.417
75,55.0,190.352
75,57.5,190.302
75,60.0,190.268
75,62.5,190.221
75,65.0,190.134
75,67.5,190.047
75,70.0,190.202
75,72.5,190.395
75,75.0,190.551
75,77.5,190.693
75,80.0,190.874
75,82.5,191.091
75,85.0,191.213
75,87.5,191.048
75,90.0,190.883
75,92.5,190.75
75,95.0,190.617
75,97.5,188.619
75,100.0,186.0
75,102.5,186.018
75,105.0,189.154
75,107.5,190.787
75,110.0,187.912
75,112.5,185.036
75,115.0,187.87
75,117.5,190.703
75,120.0,191.405
75,122.5,191.396
75,125.0,191.206
75,127.5,190.95
75,130.0,190.35
75,132.5,187.906
75,135.0,185.462
75,137.5,187.608
75,140.0,189.755
75,142.5,188.931
75,145.0,187.116
75,147.5,186.895
75,150.0,188.266
75,152.5,188.985
75,155.0,187.747
75,157.5,186.509
75,160.0,188.107
75,162.5,190.072
75,165.0,189.44
75,167.5,187.933
75,170.0,187.865
75,172.5,189.236
75,175.0,189.963
75,177.5,188.755
75,180.0,187.547
75,182.5,190.008
75,185.0,192.469
75,187.5,193.115
75,190.0,193.156
75,192.5,193.425
75,195.0,193.713
75,197.5,193.978
75,200.0,194.172
75,202.5,194.366
75,205.0,194.432
75,207.5,194.498
75,210.0,194.499
75,212.5,194.479
75,215.0,194.3
75,217.5,194.423
75,220.0,194.591
75,222.5,194.888
75,225.0,195.185
75,227.5,191.827
75,230.0,188.468
75,232.5,189.275
75,235.0,191.471
75,237.5,192.742
75,240.0,193.089
75,242.5,193.37
75,245.0,193.651
75,247.5,194.11
75,250.0,191.036
75,252.5,187.962
75,255.0,189.55
75,257.5,192.691
75,260.0,194.196
75,262.5,194.064
75,265.0,193.906
75,267.5,193.669
75,270.0,193.432
75,272.5,193.134
75,275.0,192.836
75,277.5,192.869
75,280.0,193.077
75,282.5,193.137
75,285.0,193.05
75,287.5,192.936
75,290.0,192.741
75,292.5,192.546
75,295.0,192.476
75,297.5,192.405
75,300.0,192.197
75,302.5,191.945
75,305.0,191.655
75,307.5,191.389
75,310.0,191.417
75,312.5,191.269
75,315.0,191.12
75,317.5,191.188
75,320.0,191.255
75,322.5,191.102
75,325.0,190.876
75,327.5,190.631
75,330.0,190.367
75,332.5,190.054
75,335.0,189.597
75,337.5,189.293
75,340.0,189.362
75,342.5,189.431
75,345.0,189.576
75,347.5,189.747
75,350.0,189.853
75,352.5,189.894
75,355.0,189.887
75,357.5,189.732
75,360.0,189.577
80,0.0,177.887
80,2.5,177.163
80,5.0,176.439
80,7.5,176.682
80,10.0,177.247
80,12.5,177.241
80,15.0,176.664
80,17.5,176.438
80,20.0,177.332
80,22.5,178.227
80,25.0,178.617
80,27.5,179.006
80,30.0,179.337
80,32.5,179.647
80,35.0,179.846
80,37.5,179.934
80,40.0,180.017
80,42.5,180.166
80,45.0,180.314
80,47.5,180.281
80,50.0,180.248
80,52.5,180.221
80,55.0,180.196
80,57.5,180.105
80,60.0,179.947
80,62.5,179.867
80,65.0,180.021
80,67.5,180.174
80,70.0,180.253
80,72.5,180.446
80,75.0,180.499
80,77.5,180.495
80,80.0,180.529
80,82.5,180.601
80,85.0,180.673
80,87.5,180.744
80,90.0,180.815
80,92.5,181.283
80,95.0,181.75
80,97.5,181.783
80,100.0,181.747
80,102.5,181.812
80,105.0,181.911
80,107.5,181.938
80,110.0,181.75
80,112.5,181.561
80,115.0,180.615
80,117.5,179.669
80,120.0,180.299
80,122.5,181.454
80,125.0,181.555
80,127.5,180.602
80,130.0,180.096
80,132.5,180.949
80,135.0,181.966
80,137.5,180.968
80,140.0,179.969
80,142.5,180.66
80,145.0,181.915
80,147.5,181.959
80,150.0,180.793
80,152.5,180.164
80,155.0,181.15
80,157.5,182.135
80,160.0,181.12
80,162.5,180.105
80,165.0,180.688
80,167.5,181.892
80,170.0,181.953
80,172.5,180.87
80,175.0,180.34
80,177.5,181.469
80,180.0,182.597
80,182.5,182.445
80,185.0,182.293
80,187.5,182.237
80,190.0,182.213
80,192.5,182.213
80,195.0,182.238
80,197.5,182.3
80,200.0,182.577
80,202.5,182.926
80,205.0,182.945
80,207.5,182.963
80,210.0,181.904
80,212.5,180.486
80,215.0,180.297
80,217.5,181.338
80,220.0,181.891
80,222.5,180.981
80,225.0,180.071
80,227.5,181.433
80,230.0,182.81
80,232.5,182.009
80,235.0,180.481
80,237.5,180.378
80,240.0,181.7
80,242.5,182.342
80,245.0,180.94
80,247.5,179.539
80,250.0,180.524
80,252.5,181.653
80,255.0,181.97
80,257.5,181.994
80,260.0,182.073
80,262.5,182.207
80,265.0,182.335
80,267.5,182.444
80,270.0,182.554
80,272.5,182.546
80,275.0,182.537
80,277.5,182.316
80,280.0,182.024
80,282.5,181.91
80,285.0,181.862
80,287.5,181.892
80,290.0,182.156
80,292.5,182.42
80,295.0,182.339
80,297.5,182.258
80,300.0,182.245
80,302.5,182.254
80,305.0,182.427
80,307.5,182.764
80,310.0,182.951
80,312.5,182.821
80,315.0,182.692
80,317.5,182.451
80,320.0,182.21
80,322.5,181.952
80,325.0,181.688
80,327.5,181.315
80,330.0,180.834
80,332.5,180.409
80,335.0,180.151
80,337.5,179.892
80,340.0,179.556
80,342.5,179.311
80,345.0,179.069
80,347.5,178.82
80,350.0,178.185
80,352.5,177.164
80,355.0,176.564
80,357.5,177.225
80,360.0,177.887
85,0.0,171.068
85,2.5,170.789
85,5.0,170.511
85,7.5,170.304
85,10.0,170.122
85,12.5,169.974
85,15.0,169.862
85,17.5,169.753
85,20.0,169.661
85,22.5,169.59
85,25.0,169.57
85,27.5,169.55
85,30.0,169.579
85,32.5,169.625
85,35.0,169.688
85,37.5,169.769
85,40.0,169.858
85,42.5,169.972
85,45.0,170.086
85,47.5,170.18
85,50.0,170.301
85,52.5,170.371
85,55.0,170.421
85,57.5,170.48
85,60.0,170.546
85,62.5,170.597
85,65.0,170.602
85,67.5,170.608
85,70.0,170.645
85,72.5,170.682
85,75.0,170.7
85,77.5,170.721
85,80.0,170.763
85,82.5,170.802
85,85.0,170.835
85,87.5,170.85
85,90.0,170.865
85,92.5,171.103
85,95.0,171.34
85,97.5,171.46
85,100.0,171.54
85,102.5,171.643
85,105.0,171.769
85,107.5,171.928
85,110.0,172.139
85,112.5,172.35
85,115.0,172.393
85,117.5,172.436
85,120.0,172.548
85,122.5,172.683
85,125.0,172.824
85,127.5,172.971
85,130.0,173.072
85,132.5,173.035
85,135.0,172.998
85,137.5,173.019
85,140.0,173.059
85,142.5,173.088
85,145.0,173.112
85,147.5,173.188
85,150.0,173.316
85,152.5,173.366
85,155.0,173.184
85,157.5,173.002
85,160.0,172.91
85,162.5,172.818
85,165.0,172.918
85,167.5,173.117
85,170.0,173.186
85,172.5,173.119
85,175.0,173.088
85,177.5,173.169
85,180.0,173.251
85,182.5,172.981
85,185.0,172.711
85,187.5,172.678
85,190.0,172.724
85,192.5,172.738
85,195.0,172.721
85,197.5,172.708
85,200.0,172.706
85,202.5,172.704
85,205.0,172.604
85,207.5,172.505
85,210.0,172.437
85,212.5,172.38
85,215.0,172.336
85,217.5,172.307
85,220.0,172.255
85,222.5,172.136
85,225.0,172.017
85,227.5,171.855
85,230.0,171.694
85,232.5,171.645
85,235.0,171.634
85,237.5,171.544
85,240.0,171.403
85,242.5,171.257
85,245.0,171.095
85,247.5,170.933
85,250.0,170.799
85,252.5,170.665
85,255.0,170.521
85,257.5,170.384
85,260.0,170.341
85,262.5,170.369
85,265.0,170.406
85,267.5,170.47
85,270.0,170.533
85,272.5,170.516
85,275.0,170.5
85,277.5,170.527
85,280.0,170.568
85,282.5,170.631
85,285.0,170.717
85,287.5,170.825
85,290.0,171.052
85,292.5,171.285
85,295.0,171.245
85,297.5,171.205
85,300.0,171.439
85,302.5,171.765
85,305.0,172.071
85,307.5,172.356
85,310.0,172.597
85,312.5,172.702
85,315.0,172.807
85,317.5,172.809
85,320.0,172.829
85,322.5,172.8
85,325.0,172.755
85,327.5,172.585
85,330.0,172.289
85,332.5,172.062
85,335.0,172.04
85,337.5,172.018
85,340.0,171.836
85,342.5,171.655
85,345.0,171.38
85,347.5,171.074
85,350.0,170.9
85,352.5,170.855
85,355.0,170.848
85,357.5,170.958
85,360.0,171.068
90,0.0,166.315
90,2.5,166.315
90,5.0,166.315
90,7.5,166.315
90,10.0,166.315
90,12.5,166.315
90,15.0,166.315
90,17.5,166.315
90,20.0,166.315
90,22.5,166.315
90,25.0,166.315
90,27.5,166.315
90,30.0,166.315
90,32.5,166.315
90,35.0,166.315
90,37.5,166.315
90,40.0,166.315
90,42.5,166.315
90,45.0,166.315
90,47.5,166.315
90,50.0,166.315
90,52.5,166.315
90,55.0,166.315
90,57.5,166.315
90,60.0,166.315
90,62.5,166.315
90,65.0,166.315
90,67.5,166.315
90,70.0,166.315
90,72.5,166.315
90,75.0,166.315
90,77.5,166.315
90,80.0,166.315
90,82.5,166.315
90,85.0,166.315
90,87.5,166.315
90,90.0,166.315
90,92.5,166.315
90,95.0,166.315
90,97.5,166.315
90,100.0,166.315
90,102.5,166.315
90,105.0,166.315
90,107.5,166.315
90,110.0,166.315
90,112.5,166.315
90,115.0,166.315
90,117.5,166.315
90,120.0,166.315
90,122.5,166.315
90,125.0,166.315
90,127.5,166.315
90,130.0,166.315
90,132.5,166.315
90,135.0,166.315
90,137.5,166.315
90,140.0,166.315
90,142.5,166.315
90,145.0,166.315
90,147.5,166.315
90,150.0,166.315
90,152.5,166.315
90,155.0,166.315
90,157.5,166.315
90,160.0,166.315
90,162.5,166.315
90,165.0,166.315
90,167.5,166.315
90,170.0,166.315
90,172.5,166.315
90,175.0,166.315
90,177.5,166.315
90,180.0,166.315
90,182.5,166.315
90,185.0,166.315
90,187.5,166.315
90,190.0,166.315
90,192.5,166.315
90,195.0,166.315
90,197.5,166.315
90,200.0,166.315
90,202.5,166.315
90,205.0,166.315
90,207.5,166.315
90,210.0,166.315
90,212.5,166.315
90,215.0,166.315
90,217.5,166.315
90,220.0,166.315
90,222.5,166.315
90,225.0,166.315
90,227.5,166.315
90,230.0,166.315
90,232.5,166.315
90,235.0,166.315
90,237.5,166.315
90,240.0,166.315
90,242.5,166.315
90,245.0,166.315
90,247.5,166.315
90,250.0,166.315
90,252.5,166.315
90,255.0,166.315
90,257.5,166.315
90,260.0,166.315
90,262.5,166.315
90,265.0,166.315
90,267.5,166.315
90,270.0,166.315
90,272.5,166.315
90,275.0,166.315
90,277.5,166.315
90,280.0,166.315
90,282.5,166.315
90,285.0,166.315
90,287.5,166.315
90,290.0,166.315
90,292.5,166.315
90,295.0,166.315
90,297.5,166.315
90,300.0,166.315
90,302.5,166.315
90,305.0,166.315
90,307.5,166.315
90,310.0,166.315
90,312.5,166.315
90,315.0,166.315
90,317.5,166.315
90,320.0,166.315
90,322.5,166.315
90,325.0,166.315
90,327.5,166.315
90,330.0,166.315
90,332.5,166.315
90,335.0,166.315
90,337.5,166.315
90,340.0,166.315
90,342.5,166.315
90,345.0,166.315
90,347.5,166.315
90,350.0,166.315
90,352.5,166.315
90,355.0,166.315
90,357.5,166.315
90,360.0,166.315
